Major,Course_Code,Course_Title,Credits,Type,Credits_Required,URL
Agricultural and Biorenewable Systems Management B.S.,EBF 200,Introduction to Energy and Earth Sciences Economics,3,Mandatory,N/A,https://bulletins.psu.edu/undergraduate/colleges/agricultural-sciences/agricultural-biorenewable-systems-management-bs/
Agricultural and Biorenewable Systems Management B.S.,BIOL 12,Introductory Biology I and Introductory Biology II,4,Mandatory,N/A,https://bulletins.psu.edu/undergraduate/colleges/agricultural-sciences/agricultural-biorenewable-systems-management-bs/
Agricultural and Biorenewable Systems Management B.S.,AGBM 302,Food Product Marketing,N/A,Mandatory,N/A,https://bulletins.psu.edu/undergraduate/colleges/agricultural-sciences/agricultural-biorenewable-systems-management-bs/
Agricultural and Biorenewable Systems Management B.S.,AGBM 106,Agribusiness Problem Solving,3,Mandatory,N/A,https://bulletins.psu.edu/undergraduate/colleges/agricultural-sciences/agricultural-biorenewable-systems-management-bs/
Agricultural and Biorenewable Systems Management B.S.,ABSM 392,Leadership and Ethics for BE and ABSM Students,2,Mandatory,N/A,https://bulletins.psu.edu/undergraduate/colleges/agricultural-sciences/agricultural-biorenewable-systems-management-bs/
Agricultural and Biorenewable Systems Management B.S.,CAS 100B,Effective Speech,N/A,Mandatory,N/A,https://bulletins.psu.edu/undergraduate/colleges/agricultural-sciences/agricultural-biorenewable-systems-management-bs/
Agricultural and Biorenewable Systems Management B.S.,ACCTG 211,Financial and Managerial Accounting for Decision Making,4,Mandatory,N/A,https://bulletins.psu.edu/undergraduate/colleges/agricultural-sciences/agricultural-biorenewable-systems-management-bs/
Agricultural and Biorenewable Systems Management B.S.,BA 303,Marketing,3,Mandatory,N/A,https://bulletins.psu.edu/undergraduate/colleges/agricultural-sciences/agricultural-biorenewable-systems-management-bs/
Agricultural and Biorenewable Systems Management B.S.,BIOL 11,Introductory Biology I and Introductory Biology II,4,Mandatory,N/A,https://bulletins.psu.edu/undergraduate/colleges/agricultural-sciences/agricultural-biorenewable-systems-management-bs/
Agricultural and Biorenewable Systems Management B.S.,ABSM 490,Agricultural and Biorenewable Systems Management Colloquium,1,Mandatory,N/A,https://bulletins.psu.edu/undergraduate/colleges/agricultural-sciences/agricultural-biorenewable-systems-management-bs/
Agricultural and Biorenewable Systems Management B.S.,ENGL 15,Rhetoric and Composition,3,Mandatory,N/A,https://bulletins.psu.edu/undergraduate/colleges/agricultural-sciences/agricultural-biorenewable-systems-management-bs/
Agricultural and Biorenewable Systems Management B.S.,ABSM 301,Engineering Principles of Agricultural and Biorenewable Systems,3,Mandatory,N/A,https://bulletins.psu.edu/undergraduate/colleges/agricultural-sciences/agricultural-biorenewable-systems-management-bs/
Agricultural and Biorenewable Systems Management B.S.,MATH 110,Techniques of Calculus I,4,Mandatory,N/A,https://bulletins.psu.edu/undergraduate/colleges/agricultural-sciences/agricultural-biorenewable-systems-management-bs/
Agricultural and Biorenewable Systems Management B.S.,ABSM 431W,Agricultural and Biorenewable Systems Management Capstone 2,2,Mandatory,N/A,https://bulletins.psu.edu/undergraduate/colleges/agricultural-sciences/agricultural-biorenewable-systems-management-bs/
Agricultural and Biorenewable Systems Management B.S.,AGBM 101,Economic Principles of Agribusiness Decision Making,3,Mandatory,N/A,https://bulletins.psu.edu/undergraduate/colleges/agricultural-sciences/agricultural-biorenewable-systems-management-bs/
Agricultural and Biorenewable Systems Management B.S.,CHEM 110,Chemical Principles I,3,Mandatory,N/A,https://bulletins.psu.edu/undergraduate/colleges/agricultural-sciences/agricultural-biorenewable-systems-management-bs/
Agricultural and Biorenewable Systems Management B.S.,ECON 104,Introductory Macroeconomic Analysis and Policy,N/A,Mandatory,N/A,https://bulletins.psu.edu/undergraduate/colleges/agricultural-sciences/agricultural-biorenewable-systems-management-bs/
Agricultural and Biorenewable Systems Management B.S.,ABSM 422,Energy Analysis in Agricultural and Biorenewable Systems,3,Mandatory,N/A,https://bulletins.psu.edu/undergraduate/colleges/agricultural-sciences/agricultural-biorenewable-systems-management-bs/
Agricultural and Biorenewable Systems Management B.S.,ABSM 428,Electric Power and Instrumentation,3,Mandatory,N/A,https://bulletins.psu.edu/undergraduate/colleges/agricultural-sciences/agricultural-biorenewable-systems-management-bs/
Agricultural and Biorenewable Systems Management B.S.,ABSM 430W,Agricultural and Biorenewable Systems Management Capstone 1,1,Mandatory,N/A,https://bulletins.psu.edu/undergraduate/colleges/agricultural-sciences/agricultural-biorenewable-systems-management-bs/
Agricultural and Biorenewable Systems Management B.S.,STAT 240,Introduction to Biometry,N/A,Mandatory,N/A,https://bulletins.psu.edu/undergraduate/colleges/agricultural-sciences/agricultural-biorenewable-systems-management-bs/
Agricultural and Biorenewable Systems Management B.S.,STAT 250,Introduction to Biostatistics,N/A,Mandatory,N/A,https://bulletins.psu.edu/undergraduate/colleges/agricultural-sciences/agricultural-biorenewable-systems-management-bs/
Agricultural and Biorenewable Systems Management B.S.,MATH 140,Calculus With Analytic Geometry I,N/A,Mandatory,N/A,https://bulletins.psu.edu/undergraduate/colleges/agricultural-sciences/agricultural-biorenewable-systems-management-bs/
Agricultural and Biorenewable Systems Management B.S.,ABSM 300,Introduction to Agricultural and Biorenewable Products,3,Mandatory,N/A,https://bulletins.psu.edu/undergraduate/colleges/agricultural-sciences/agricultural-biorenewable-systems-management-bs/
Agricultural and Biorenewable Systems Management B.S.,ABSM 391,Communication Skills for BE and ABSM Students,2,Mandatory,N/A,https://bulletins.psu.edu/undergraduate/colleges/agricultural-sciences/agricultural-biorenewable-systems-management-bs/
Agricultural and Biorenewable Systems Management B.S.,EDSGN 100,Cornerstone Engineering Design,3,Mandatory,N/A,https://bulletins.psu.edu/undergraduate/colleges/agricultural-sciences/agricultural-biorenewable-systems-management-bs/
Agricultural and Biorenewable Systems Management B.S.,ABSM 429,Agricultural and Biorenewable Systems Analysis and Management,3,Mandatory,N/A,https://bulletins.psu.edu/undergraduate/colleges/agricultural-sciences/agricultural-biorenewable-systems-management-bs/
Agricultural and Biorenewable Systems Management B.S.,CHEM 111,Experimental Chemistry I,1,Mandatory,N/A,https://bulletins.psu.edu/undergraduate/colleges/agricultural-sciences/agricultural-biorenewable-systems-management-bs/
Agricultural and Biorenewable Systems Management B.S.,CAS 100A,Effective Speech,3,Mandatory,N/A,https://bulletins.psu.edu/undergraduate/colleges/agricultural-sciences/agricultural-biorenewable-systems-management-bs/
Agricultural and Biorenewable Systems Management B.S.,BIOL 110,Biology:  Basic Concepts and Biodiversity,N/A,Mandatory,N/A,https://bulletins.psu.edu/undergraduate/colleges/agricultural-sciences/agricultural-biorenewable-systems-management-bs/
Agricultural and Biorenewable Systems Management B.S.,ABSM 426,Safety and Health in Agriculture and Biorenewable Industries,3,Mandatory,N/A,https://bulletins.psu.edu/undergraduate/colleges/agricultural-sciences/agricultural-biorenewable-systems-management-bs/
Agricultural and Biorenewable Systems Management B.S.,PHYS 211,General Physics:  Mechanics,4,Mandatory,N/A,https://bulletins.psu.edu/undergraduate/colleges/agricultural-sciences/agricultural-biorenewable-systems-management-bs/
Agricultural and Biorenewable Systems Management B.S.,ECON 102,Introductory Microeconomic Analysis and Policy,N/A,Mandatory,N/A,https://bulletins.psu.edu/undergraduate/colleges/agricultural-sciences/agricultural-biorenewable-systems-management-bs/
Agricultural and Biorenewable Systems Management B.S.,STAT 200,Elementary Statistics,3-4,Mandatory,N/A,https://bulletins.psu.edu/undergraduate/colleges/agricultural-sciences/agricultural-biorenewable-systems-management-bs/
Agricultural and Biorenewable Systems Management B.S.,ABSM 350,Introduction to Life Cycle Assessment,3,Mandatory,N/A,https://bulletins.psu.edu/undergraduate/colleges/agricultural-sciences/agricultural-biorenewable-systems-management-bs/
Agricultural and Biorenewable Systems Management B.S.,PHYS 250,Introductory Physics I,N/A,Mandatory,N/A,https://bulletins.psu.edu/undergraduate/colleges/agricultural-sciences/agricultural-biorenewable-systems-management-bs/
Agricultural and Biorenewable Systems Management B.S.,ABSM 310,Power Transmission in Agriculture,,A,12,https://bulletins.psu.edu/undergraduate/colleges/agricultural-sciences/agricultural-biorenewable-systems-management-bs/
Agricultural and Biorenewable Systems Management B.S.,ABSM 320,Combustion Engines for Mobile Equipment,,A,12,https://bulletins.psu.edu/undergraduate/colleges/agricultural-sciences/agricultural-biorenewable-systems-management-bs/
Agricultural and Biorenewable Systems Management B.S.,ABSM 327,Soil and Water Resource Management,,A,12,https://bulletins.psu.edu/undergraduate/colleges/agricultural-sciences/agricultural-biorenewable-systems-management-bs/
Agricultural and Biorenewable Systems Management B.S.,ABSM 402,Foundations of Sustainable Business,,A,12,https://bulletins.psu.edu/undergraduate/colleges/agricultural-sciences/agricultural-biorenewable-systems-management-bs/
Agricultural and Biorenewable Systems Management B.S.,ABSM 411,Bioproducts Science and Technology,,A,12,https://bulletins.psu.edu/undergraduate/colleges/agricultural-sciences/agricultural-biorenewable-systems-management-bs/
Agricultural and Biorenewable Systems Management B.S.,ABSM 417,Processing and Manufacturing Systems for Bioproducts,,A,12,https://bulletins.psu.edu/undergraduate/colleges/agricultural-sciences/agricultural-biorenewable-systems-management-bs/
Agricultural and Biorenewable Systems Management B.S.,ABSM 420,Principles of Off-Road Machines,,A,12,https://bulletins.psu.edu/undergraduate/colleges/agricultural-sciences/agricultural-biorenewable-systems-management-bs/
Agricultural and Biorenewable Systems Management B.S.,ABSM 423,Deterioration and Protection of Bioproducts,,A,12,https://bulletins.psu.edu/undergraduate/colleges/agricultural-sciences/agricultural-biorenewable-systems-management-bs/
Agricultural and Biorenewable Systems Management B.S.,ABSM 424,Precision Agriculture Technology,,A,12,https://bulletins.psu.edu/undergraduate/colleges/agricultural-sciences/agricultural-biorenewable-systems-management-bs/
Agricultural and Biorenewable Systems Management B.S.,ABSM 496,Independent Studies,,A,12,https://bulletins.psu.edu/undergraduate/colleges/agricultural-sciences/agricultural-biorenewable-systems-management-bs/
