Major,Course_Code,Course_Title,Credits,Type,Credits_Required,URL
Agricultural Science B.S.,CAS 100,Effective Speech,3,Mandatory,N/A,https://bulletins.psu.edu/undergraduate/colleges/agricultural-sciences/agricultural-science-bs/
Agricultural Science B.S.,AEE 311,Developing Youth Leadership through Organization and Program Structure,3,Mandatory,N/A,https://bulletins.psu.edu/undergraduate/colleges/agricultural-sciences/agricultural-science-bs/
Agricultural Science B.S.,ENGL 15,Rhetoric and Composition,3,Mandatory,N/A,https://bulletins.psu.edu/undergraduate/colleges/agricultural-sciences/agricultural-science-bs/
Agricultural Science B.S.,ENGL 202D,Effective Writing: Business Writing,N/A,Mandatory,N/A,https://bulletins.psu.edu/undergraduate/colleges/agricultural-sciences/agricultural-science-bs/
Agricultural Science B.S.,AEE 330W,Communication in Agricultural and Natural Resource Careers,3,Mandatory,N/A,https://bulletins.psu.edu/undergraduate/colleges/agricultural-sciences/agricultural-science-bs/
Agricultural Science B.S.,ENGL 202C,Effective Writing: Technical Writing,3,Mandatory,N/A,https://bulletins.psu.edu/undergraduate/colleges/agricultural-sciences/agricultural-science-bs/
Agricultural Science B.S.,AEE 460,Foundations in Leadership Development,3,Mandatory,N/A,https://bulletins.psu.edu/undergraduate/colleges/agricultural-sciences/agricultural-science-bs/
Agricultural Science B.S.,AEE 440,Communication Methods and Media,N/A,Mandatory,N/A,https://bulletins.psu.edu/undergraduate/colleges/agricultural-sciences/agricultural-science-bs/
Agricultural Science B.S.,AEE 360,Leadership Development for Small Groups,3,Mandatory,N/A,https://bulletins.psu.edu/undergraduate/colleges/agricultural-sciences/agricultural-science-bs/
Agricultural Science B.S.,AEE 465,"Leadership Practices:  Power, Influences, and Impact",N/A,Mandatory,N/A,https://bulletins.psu.edu/undergraduate/colleges/agricultural-sciences/agricultural-science-bs/
Agricultural Science B.S.,CHEM 101,Introductory Chemistry,,A,3,https://bulletins.psu.edu/undergraduate/colleges/agricultural-sciences/agricultural-science-bs/
Agricultural Science B.S.,CHEM 110,Chemical Principles I,,A,3,https://bulletins.psu.edu/undergraduate/colleges/agricultural-sciences/agricultural-science-bs/
Agricultural Science B.S.,CHEM 130,"Introduction to General, Organic, and Biochemistry",,A,3,https://bulletins.psu.edu/undergraduate/colleges/agricultural-sciences/agricultural-science-bs/
Agricultural Science B.S.,BIOL 11,Introductory Biology I and Introductory Biology II,,B,3,https://bulletins.psu.edu/undergraduate/colleges/agricultural-sciences/agricultural-science-bs/
Agricultural Science B.S.,BIOL 12,Introductory Biology I and Introductory Biology II,,B,3,https://bulletins.psu.edu/undergraduate/colleges/agricultural-sciences/agricultural-science-bs/
Agricultural Science B.S.,BIOL 110,Biology:  Basic Concepts and Biodiversity,,B,3,https://bulletins.psu.edu/undergraduate/colleges/agricultural-sciences/agricultural-science-bs/
Agricultural Science B.S.,BISC 3,Environmental Science,,B,3,https://bulletins.psu.edu/undergraduate/colleges/agricultural-sciences/agricultural-science-bs/
Agricultural Science B.S.,AEE 400,Global Agriculture Education,,F,3,https://bulletins.psu.edu/undergraduate/colleges/agricultural-sciences/agricultural-science-bs/
Agricultural Science B.S.,CED 450,"International Development, Renewable Resources, and the Environment",,F,3,https://bulletins.psu.edu/undergraduate/colleges/agricultural-sciences/agricultural-science-bs/
Agricultural Science B.S.,INTAG 100N,"Everyone Eats: Hunger, Food Security & Global Agriculture",,F,3,https://bulletins.psu.edu/undergraduate/colleges/agricultural-sciences/agricultural-science-bs/
Agricultural Science B.S.,Any College of Agricultural Sciences international course,,,F,3,https://bulletins.psu.edu/undergraduate/colleges/agricultural-sciences/agricultural-science-bs/
Agricultural Science B.S.,AEE 100,Agricultural Education Orientation,,G,1,https://bulletins.psu.edu/undergraduate/colleges/agricultural-sciences/agricultural-science-bs/
Agricultural Science B.S.,AG 100,Job Placement Skills and Strategies,,G,1,https://bulletins.psu.edu/undergraduate/colleges/agricultural-sciences/agricultural-science-bs/
Agricultural Science B.S.,AG 113,Exploring Careers in Agriculture,,G,1,https://bulletins.psu.edu/undergraduate/colleges/agricultural-sciences/agricultural-science-bs/
Agricultural Science B.S.,ANSC 290,Careers in Animal Agriculture,,G,1,https://bulletins.psu.edu/undergraduate/colleges/agricultural-sciences/agricultural-science-bs/
Agricultural Science B.S.,ERM 151,Careers and Issues in Environmental Resource Management,,G,1,https://bulletins.psu.edu/undergraduate/colleges/agricultural-sciences/agricultural-science-bs/
Agricultural Science B.S.,AGECO 144,Principles and Practices of Organic Agriculture,,I,3,https://bulletins.psu.edu/undergraduate/colleges/agricultural-sciences/agricultural-science-bs/
Agricultural Science B.S.,AGECO 457,Principles of Integrated Pest Management,,I,3,https://bulletins.psu.edu/undergraduate/colleges/agricultural-sciences/agricultural-science-bs/
Agricultural Science B.S.,ANSC 207,Animal Products Technologyand Animal Products Technology Laboratory,,I,3,https://bulletins.psu.edu/undergraduate/colleges/agricultural-sciences/agricultural-science-bs/
Agricultural Science B.S.,ANSC 208,Animal Products Technologyand Animal Products Technology Laboratory,,I,3,https://bulletins.psu.edu/undergraduate/colleges/agricultural-sciences/agricultural-science-bs/
Agricultural Science B.S.,ERM 210,Environmental Factors and Their Effect on Your Food Supply,,I,3,https://bulletins.psu.edu/undergraduate/colleges/agricultural-sciences/agricultural-science-bs/
Agricultural Science B.S.,FDSC 200,Introductory Food Science,,I,3,https://bulletins.psu.edu/undergraduate/colleges/agricultural-sciences/agricultural-science-bs/
Agricultural Science B.S.,PLANT 217,Landscape Soil and Water Management,,I,3,https://bulletins.psu.edu/undergraduate/colleges/agricultural-sciences/agricultural-science-bs/
Agricultural Science B.S.,AGECO 122,Atmospheric Environment: Growing in the Wind,,J,6,https://bulletins.psu.edu/undergraduate/colleges/agricultural-sciences/agricultural-science-bs/
Agricultural Science B.S.,AGECO 201,Introductory Agroecology,,J,6,https://bulletins.psu.edu/undergraduate/colleges/agricultural-sciences/agricultural-science-bs/
Agricultural Science B.S.,EGEE 101,Energy and the Environment,,J,6,https://bulletins.psu.edu/undergraduate/colleges/agricultural-sciences/agricultural-science-bs/
Agricultural Science B.S.,FOR 470,Watershed Management,,J,6,https://bulletins.psu.edu/undergraduate/colleges/agricultural-sciences/agricultural-science-bs/
Agricultural Science B.S.,SOILS 71,Environmental Sustainability,,J,6,https://bulletins.psu.edu/undergraduate/colleges/agricultural-sciences/agricultural-science-bs/
Agricultural Science B.S.,SOILS 101,Introductory Soil Science,,J,6,https://bulletins.psu.edu/undergraduate/colleges/agricultural-sciences/agricultural-science-bs/
Agricultural Science B.S.,SOILS 412W,Soil Ecology,,J,6,https://bulletins.psu.edu/undergraduate/colleges/agricultural-sciences/agricultural-science-bs/
Agricultural Science B.S.,WFS 209N,Wildlife and Fisheries Conservation,,J,6,https://bulletins.psu.edu/undergraduate/colleges/agricultural-sciences/agricultural-science-bs/
Agricultural Science B.S.,AG 160,Introduction into Ethics and Issues in Agriculture,,K,3,https://bulletins.psu.edu/undergraduate/colleges/agricultural-sciences/agricultural-science-bs/
Agricultural Science B.S.,AGECO 134N,Sustainable Agriculture Science and Policy,,K,3,https://bulletins.psu.edu/undergraduate/colleges/agricultural-sciences/agricultural-science-bs/
Agricultural Science B.S.,CED 201,Introductory Environmental and Resource Economics,,K,3,https://bulletins.psu.edu/undergraduate/colleges/agricultural-sciences/agricultural-science-bs/
Agricultural Science B.S.,FDSC 105,Food Facts and Fads,,K,3,https://bulletins.psu.edu/undergraduate/colleges/agricultural-sciences/agricultural-science-bs/
