Major,Course_Code,Course_Title,Credits,Type,Credits_Required,URL
Architectural Engineering B.A.,AE 309,Fundamentals of Architectural Acoustics,3,Mandatory,N/A,https://bulletins.psu.edu/undergraduate/colleges/engineering/architectural-engineering-bae/
Architectural Engineering B.A.,EMCH 211,Statics,3,Mandatory,N/A,https://bulletins.psu.edu/undergraduate/colleges/engineering/architectural-engineering-bae/
Architectural Engineering B.A.,MATH 251,Ordinary and Partial Differential Equations,N/A,Mandatory,N/A,https://bulletins.psu.edu/undergraduate/colleges/engineering/architectural-engineering-bae/
Architectural Engineering B.A.,AE 310,"Fundamentals of Heating, Ventilating, and Air Conditioning",3,Mandatory,N/A,https://bulletins.psu.edu/undergraduate/colleges/engineering/architectural-engineering-bae/
Architectural Engineering B.A.,ARCH 130B,Basic Design and Research II,3,Mandatory,N/A,https://bulletins.psu.edu/undergraduate/colleges/engineering/architectural-engineering-bae/
Architectural Engineering B.A.,ENGL 202C,Effective Writing: Technical Writing,3,Mandatory,N/A,https://bulletins.psu.edu/undergraduate/colleges/engineering/architectural-engineering-bae/
Architectural Engineering B.A.,AE 441,Engineering Lifecycle Economic Analysis for Buildings,1,Mandatory,N/A,https://bulletins.psu.edu/undergraduate/colleges/engineering/architectural-engineering-bae/
Architectural Engineering B.A.,ARTH 202N,Renaissance to Modern Architecture,3,Mandatory,N/A,https://bulletins.psu.edu/undergraduate/colleges/engineering/architectural-engineering-bae/
Architectural Engineering B.A.,MATH 250,Ordinary Differential Equations,3-4,Mandatory,N/A,https://bulletins.psu.edu/undergraduate/colleges/engineering/architectural-engineering-bae/
Architectural Engineering B.A.,EMCH 212,Dynamics,3,Mandatory,N/A,https://bulletins.psu.edu/undergraduate/colleges/engineering/architectural-engineering-bae/
Architectural Engineering B.A.,LARCH 60,Cultural History of Designed Places,N/A,Mandatory,N/A,https://bulletins.psu.edu/undergraduate/colleges/engineering/architectural-engineering-bae/
Architectural Engineering B.A.,ME 201,Introduction to Thermal Science,3,Mandatory,N/A,https://bulletins.psu.edu/undergraduate/colleges/engineering/architectural-engineering-bae/
Architectural Engineering B.A.,AE 240,Programming and Data Science for Architectural Engineering,3,Mandatory,N/A,https://bulletins.psu.edu/undergraduate/colleges/engineering/architectural-engineering-bae/
Architectural Engineering B.A.,MATH 230,Calculus and Vector Analysis,N/A,Mandatory,N/A,https://bulletins.psu.edu/undergraduate/colleges/engineering/architectural-engineering-bae/
Architectural Engineering B.A.,AE 221,Architectural Building Materials,3,Mandatory,N/A,https://bulletins.psu.edu/undergraduate/colleges/engineering/architectural-engineering-bae/
Architectural Engineering B.A.,ME 300,Engineering Thermodynamics I,N/A,Mandatory,N/A,https://bulletins.psu.edu/undergraduate/colleges/engineering/architectural-engineering-bae/
Architectural Engineering B.A.,IE 424,Process Quality Engineering,N/A,Mandatory,N/A,https://bulletins.psu.edu/undergraduate/colleges/engineering/architectural-engineering-bae/
Architectural Engineering B.A.,CHEM 110,Chemical Principles I,3,Mandatory,N/A,https://bulletins.psu.edu/undergraduate/colleges/engineering/architectural-engineering-bae/
Architectural Engineering B.A.,AE 372,Introduction to the Building Construction Industry,3,Mandatory,N/A,https://bulletins.psu.edu/undergraduate/colleges/engineering/architectural-engineering-bae/
Architectural Engineering B.A.,AE 308,Introduction to Structural Analysis,4,Mandatory,N/A,https://bulletins.psu.edu/undergraduate/colleges/engineering/architectural-engineering-bae/
Architectural Engineering B.A.,AE 482,Comprehensive Architectural Engineering Senior Project II,4,Mandatory,N/A,https://bulletins.psu.edu/undergraduate/colleges/engineering/architectural-engineering-bae/
Architectural Engineering B.A.,ARCH 130A,Basic Design and Research I,3,Mandatory,N/A,https://bulletins.psu.edu/undergraduate/colleges/engineering/architectural-engineering-bae/
Architectural Engineering B.A.,PHYS 213,General Physics:  Fluids and Thermal Physics,2,Mandatory,N/A,https://bulletins.psu.edu/undergraduate/colleges/engineering/architectural-engineering-bae/
Architectural Engineering B.A.,EDSGN 100,Cornerstone Engineering Design,3,Mandatory,N/A,https://bulletins.psu.edu/undergraduate/colleges/engineering/architectural-engineering-bae/
Architectural Engineering B.A.,MATH 140,Calculus With Analytic Geometry I,4,Mandatory,N/A,https://bulletins.psu.edu/undergraduate/colleges/engineering/architectural-engineering-bae/
Architectural Engineering B.A.,AE 222,"Building Materials, Methods and Modeling II",3,Mandatory,N/A,https://bulletins.psu.edu/undergraduate/colleges/engineering/architectural-engineering-bae/
Architectural Engineering B.A.,EMCH 213,Strength of Materials,3,Mandatory,N/A,https://bulletins.psu.edu/undergraduate/colleges/engineering/architectural-engineering-bae/
Architectural Engineering B.A.,CHEM 111,Experimental Chemistry I,1,Mandatory,N/A,https://bulletins.psu.edu/undergraduate/colleges/engineering/architectural-engineering-bae/
Architectural Engineering B.A.,STAT 401,Experimental Methods,3,Mandatory,N/A,https://bulletins.psu.edu/undergraduate/colleges/engineering/architectural-engineering-bae/
Architectural Engineering B.A.,AE 311,Fundamentals of Electrical and Illumination Systems for Building,3,Mandatory,N/A,https://bulletins.psu.edu/undergraduate/colleges/engineering/architectural-engineering-bae/
Architectural Engineering B.A.,AE 202,Introduction to Architectural Engineering Concepts,3,Mandatory,N/A,https://bulletins.psu.edu/undergraduate/colleges/engineering/architectural-engineering-bae/
Architectural Engineering B.A.,ARCH 100,Architecture and Ideas,3,Mandatory,N/A,https://bulletins.psu.edu/undergraduate/colleges/engineering/architectural-engineering-bae/
Architectural Engineering B.A.,MATH 231,Calculus of Several Variables,2-4,Mandatory,N/A,https://bulletins.psu.edu/undergraduate/colleges/engineering/architectural-engineering-bae/
Architectural Engineering B.A.,PHYS 211,General Physics:  Mechanics,4,Mandatory,N/A,https://bulletins.psu.edu/undergraduate/colleges/engineering/architectural-engineering-bae/
Architectural Engineering B.A.,AE 481W,Comprehensive Architectural Engineering Senior Project I,4,Mandatory,N/A,https://bulletins.psu.edu/undergraduate/colleges/engineering/architectural-engineering-bae/
Architectural Engineering B.A.,ARCH 441,Architectural Design Analysis,3,Mandatory,N/A,https://bulletins.psu.edu/undergraduate/colleges/engineering/architectural-engineering-bae/
Architectural Engineering B.A.,MATH 220,Matrices,3,Mandatory,N/A,https://bulletins.psu.edu/undergraduate/colleges/engineering/architectural-engineering-bae/
Architectural Engineering B.A.,PHYS 212,General Physics:  Electricity and Magnetism,4,Mandatory,N/A,https://bulletins.psu.edu/undergraduate/colleges/engineering/architectural-engineering-bae/
Architectural Engineering B.A.,MATH 141,Calculus with Analytic Geometry II,4,Mandatory,N/A,https://bulletins.psu.edu/undergraduate/colleges/engineering/architectural-engineering-bae/
