Major,Course_Code,Course_Title,Credits,Type,Credits_Required,URL
Art Education B.S.,ART 11,First-Year Seminar- School of Visual Arts,1,Mandatory,N/A,https://bulletins.psu.edu/undergraduate/colleges/arts-architecture/art-education-bs/
Art Education B.S.,AED 211,Interpreting Art Experience: Social-cultural Perspectives,3,Mandatory,N/A,https://bulletins.psu.edu/undergraduate/colleges/arts-architecture/art-education-bs/
Art Education B.S.,ART 122Y,Commentary on Art,3,Mandatory,N/A,https://bulletins.psu.edu/undergraduate/colleges/arts-architecture/art-education-bs/
Art Education B.S.,PSYCH 100,Introductory Psychology,3,Mandatory,N/A,https://bulletins.psu.edu/undergraduate/colleges/arts-architecture/art-education-bs/
Art Education B.S.,SPLED 403B,Evidence-Based Methods for Teaching Secondary Students with Disabilities   in Inclusive Settings,3,Mandatory,N/A,https://bulletins.psu.edu/undergraduate/colleges/arts-architecture/art-education-bs/
Art Education B.S.,SPLED 400,"Inclusive Special Ed Foundations: Legal, Characteristics, Collaboration, Assessment, and Management",4,Mandatory,N/A,https://bulletins.psu.edu/undergraduate/colleges/arts-architecture/art-education-bs/
Art Education B.S.,ARTH 111,Ancient to Medieval Art,3,Mandatory,N/A,https://bulletins.psu.edu/undergraduate/colleges/arts-architecture/art-education-bs/
Art Education B.S.,AED 322,Visual Culture and Educational Technologies,3,Mandatory,N/A,https://bulletins.psu.edu/undergraduate/colleges/arts-architecture/art-education-bs/
Art Education B.S.,ART 110,Ideas as Visual Images,3,Mandatory,N/A,https://bulletins.psu.edu/undergraduate/colleges/arts-architecture/art-education-bs/
Art Education B.S.,AED 101S,Introduction to Art Education,3,Mandatory,N/A,https://bulletins.psu.edu/undergraduate/colleges/arts-architecture/art-education-bs/
Art Education B.S.,ART 111,Ideas as Objects,3,Mandatory,N/A,https://bulletins.psu.edu/undergraduate/colleges/arts-architecture/art-education-bs/
Art Education B.S.,ARTH 112,Renaissance to Modern Art,3,Mandatory,N/A,https://bulletins.psu.edu/undergraduate/colleges/arts-architecture/art-education-bs/
Art Education B.S.,AED 401,"Curricula, Pedagogy, and Assessment in Art Education",3,Mandatory,N/A,https://bulletins.psu.edu/undergraduate/colleges/arts-architecture/art-education-bs/
Art Education B.S.,EDPSY 14,Learning and Instruction,3,Mandatory,N/A,https://bulletins.psu.edu/undergraduate/colleges/arts-architecture/art-education-bs/
Art Education B.S.,AED 225,"Diversity, Pedagogy, and Visual Culture",3,Mandatory,N/A,https://bulletins.psu.edu/undergraduate/colleges/arts-architecture/art-education-bs/
Art Education B.S.,AED 489,Advanced Practicum,3,Mandatory,N/A,https://bulletins.psu.edu/undergraduate/colleges/arts-architecture/art-education-bs/
Art Education B.S.,ART 211,Introduction to Digital Art and Design Criticism,,A,12,https://bulletins.psu.edu/undergraduate/colleges/arts-architecture/art-education-bs/
Art Education B.S.,ART 220,Figure Drawing,,A,12,https://bulletins.psu.edu/undergraduate/colleges/arts-architecture/art-education-bs/
Art Education B.S.,ART 223,"Drawing: Techniques, Materials, and Tools",,A,12,https://bulletins.psu.edu/undergraduate/colleges/arts-architecture/art-education-bs/
Art Education B.S.,ART 230,Beginning Sculpture,,A,12,https://bulletins.psu.edu/undergraduate/colleges/arts-architecture/art-education-bs/
Art Education B.S.,ART 240,Beginning Printmaking,,A,12,https://bulletins.psu.edu/undergraduate/colleges/arts-architecture/art-education-bs/
Art Education B.S.,ART 250,Beginning Oil Painting,,A,12,https://bulletins.psu.edu/undergraduate/colleges/arts-architecture/art-education-bs/
Art Education B.S.,ART 260,Water Media,,A,12,https://bulletins.psu.edu/undergraduate/colleges/arts-architecture/art-education-bs/
Art Education B.S.,ART 280,Beginning Ceramics,,A,12,https://bulletins.psu.edu/undergraduate/colleges/arts-architecture/art-education-bs/
Art Education B.S.,ART 296,Independent Studies,,A,12,https://bulletins.psu.edu/undergraduate/colleges/arts-architecture/art-education-bs/
Art Education B.S.,ART 297,Special Topics,,A,12,https://bulletins.psu.edu/undergraduate/colleges/arts-architecture/art-education-bs/
Art Education B.S.,ART 299,Foreign Study--Art,,A,12,https://bulletins.psu.edu/undergraduate/colleges/arts-architecture/art-education-bs/
Art Education B.S.,DART 202,2D Digital Art & Computer Graphics,,A,12,https://bulletins.psu.edu/undergraduate/colleges/arts-architecture/art-education-bs/
Art Education B.S.,DART 206,Web Design and Visual Web Development,,A,12,https://bulletins.psu.edu/undergraduate/colleges/arts-architecture/art-education-bs/
Art Education B.S.,PHOTO 100,Introduction to Photography,,A,12,https://bulletins.psu.edu/undergraduate/colleges/arts-architecture/art-education-bs/
Art Education B.S.,PHOTO 101,Culture of Photography,,A,12,https://bulletins.psu.edu/undergraduate/colleges/arts-architecture/art-education-bs/
Art Education B.S.,PHOTO 200,Photo Studio I,,A,12,https://bulletins.psu.edu/undergraduate/colleges/arts-architecture/art-education-bs/
Art Education B.S.,PHOTO 201/ARTH 250,A Chronological Survey of Photography,,A,12,https://bulletins.psu.edu/undergraduate/colleges/arts-architecture/art-education-bs/
Art Education B.S.,PHOTO 202,Fundamentals of Professional Photography,,A,12,https://bulletins.psu.edu/undergraduate/colleges/arts-architecture/art-education-bs/
Art Education B.S.,APLNG 200,"Introduction to Language, Culture, and Social Interaction",,B,3,https://bulletins.psu.edu/undergraduate/colleges/arts-architecture/art-education-bs/
Art Education B.S.,APLNG 210,Global English,,B,3,https://bulletins.psu.edu/undergraduate/colleges/arts-architecture/art-education-bs/
Art Education B.S.,CI 280,Introduction to Teaching English Language Learners,,B,3,https://bulletins.psu.edu/undergraduate/colleges/arts-architecture/art-education-bs/
Art Education B.S.,AED 495A,Art Education Student Teaching Practicumand Art Education Student Teaching Practicum,,C,15,https://bulletins.psu.edu/undergraduate/colleges/arts-architecture/art-education-bs/
Art Education B.S.,AED 495B,Art Education Student Teaching Practicumand Art Education Student Teaching Practicum,,C,15,https://bulletins.psu.edu/undergraduate/colleges/arts-architecture/art-education-bs/
Art Education B.S.,AED 495C,Art Education Student Teaching Practicumand Art Education Student Teaching Practicum,,C,15,https://bulletins.psu.edu/undergraduate/colleges/arts-architecture/art-education-bs/
Art Education B.S.,AED 495D,Art Education Student Teaching Practicumand Art Education Student Teaching Practicum,,C,15,https://bulletins.psu.edu/undergraduate/colleges/arts-architecture/art-education-bs/
