Major,Course_Code,Course_Title,Credits,Type,Credits_Required,URL
Biobehavioral Health B.S.,BIOL 163,Human Anatomy and Physiology II - Lecture,3,Mandatory,N/A,https://bulletins.psu.edu/undergraduate/colleges/health-human-development/biobehavioral-health-bs/
Biobehavioral Health B.S.,BBH/AFAM 302,Diversity and Health,3,Mandatory,N/A,https://bulletins.psu.edu/undergraduate/colleges/health-human-development/biobehavioral-health-bs/
Biobehavioral Health B.S.,BBH 411W,Research and Applications in Biobehavioral Health,3,Mandatory,N/A,https://bulletins.psu.edu/undergraduate/colleges/health-human-development/biobehavioral-health-bs/
Biobehavioral Health B.S.,PSYCH 100,Introductory Psychology,3,Mandatory,N/A,https://bulletins.psu.edu/undergraduate/colleges/health-human-development/biobehavioral-health-bs/
Biobehavioral Health B.S.,BBH 316,Foundations and Principles of Health Promotion,3,Mandatory,N/A,https://bulletins.psu.edu/undergraduate/colleges/health-human-development/biobehavioral-health-bs/
Biobehavioral Health B.S.,BIOL 161,Human Anatomy and Physiology I - Lecture,3,Mandatory,N/A,https://bulletins.psu.edu/undergraduate/colleges/health-human-development/biobehavioral-health-bs/
Biobehavioral Health B.S.,STAT 250,Introduction to Biostatistics,N/A,Mandatory,N/A,https://bulletins.psu.edu/undergraduate/colleges/health-human-development/biobehavioral-health-bs/
Biobehavioral Health B.S.,BBH 101,Introduction to Biobehavioral Health,3,Mandatory,N/A,https://bulletins.psu.edu/undergraduate/colleges/health-human-development/biobehavioral-health-bs/
Biobehavioral Health B.S.,STAT 200,Elementary Statistics,3-4,Mandatory,N/A,https://bulletins.psu.edu/undergraduate/colleges/health-human-development/biobehavioral-health-bs/
Biobehavioral Health B.S.,BBH 311,Interdisciplinary Integration in Biobehavioral Health,3,Mandatory,N/A,https://bulletins.psu.edu/undergraduate/colleges/health-human-development/biobehavioral-health-bs/
Biobehavioral Health B.S.,NUTR 251,Introductory Principles of Nutrition,3,Mandatory,N/A,https://bulletins.psu.edu/undergraduate/colleges/health-human-development/biobehavioral-health-bs/
Biobehavioral Health B.S.,BIOL 110,Biology:  Basic Concepts and Biodiversity,4,Mandatory,N/A,https://bulletins.psu.edu/undergraduate/colleges/health-human-development/biobehavioral-health-bs/
Biobehavioral Health B.S.,BBH 310,Research Strategies for Studying Biobehavioral Health,3,Mandatory,N/A,https://bulletins.psu.edu/undergraduate/colleges/health-human-development/biobehavioral-health-bs/
Biobehavioral Health B.S.,BBH/HPA 440,Principles of Epidemiology,3,Mandatory,N/A,https://bulletins.psu.edu/undergraduate/colleges/health-human-development/biobehavioral-health-bs/
Biobehavioral Health B.S.,BBH 210,Biobehavioral Aspects of Genetics,,A,3,https://bulletins.psu.edu/undergraduate/colleges/health-human-development/biobehavioral-health-bs/
Biobehavioral Health B.S.,BIOL 133,Genetics and Evolution of the Human Species,,A,3,https://bulletins.psu.edu/undergraduate/colleges/health-human-development/biobehavioral-health-bs/
Biobehavioral Health B.S.,BIOL 222,Genetics,,A,3,https://bulletins.psu.edu/undergraduate/colleges/health-human-development/biobehavioral-health-bs/
Biobehavioral Health B.S.,BBH 301W,Values and Ethics in Biobehavioral Health Research and Practice,,B,3,https://bulletins.psu.edu/undergraduate/colleges/health-human-development/biobehavioral-health-bs/
Biobehavioral Health B.S.,PHIL 110,Philosophy of Science,,B,3,https://bulletins.psu.edu/undergraduate/colleges/health-human-development/biobehavioral-health-bs/
Biobehavioral Health B.S.,PHIL 132/BIOET 100,Bioethics,,B,3,https://bulletins.psu.edu/undergraduate/colleges/health-human-development/biobehavioral-health-bs/
Biobehavioral Health B.S.,ANTH 21,Introductory Biological Anthropology,,C,9,https://bulletins.psu.edu/undergraduate/colleges/health-human-development/biobehavioral-health-bs/
Biobehavioral Health B.S.,ANTH 22,Humans as Primates,,C,9,https://bulletins.psu.edu/undergraduate/colleges/health-human-development/biobehavioral-health-bs/
Biobehavioral Health B.S.,ANTH 216N,Sex and Evolution,,C,9,https://bulletins.psu.edu/undergraduate/colleges/health-human-development/biobehavioral-health-bs/
Biobehavioral Health B.S.,BIOL 155,Introduction to the Biology of Aging,,C,9,https://bulletins.psu.edu/undergraduate/colleges/health-human-development/biobehavioral-health-bs/
Biobehavioral Health B.S.,BIOL 162,Human Anatomy and Physiology I - Laboratory,,C,9,https://bulletins.psu.edu/undergraduate/colleges/health-human-development/biobehavioral-health-bs/
Biobehavioral Health B.S.,BIOL 164,Human Anatomy and Physiology II - Laboratory,,C,9,https://bulletins.psu.edu/undergraduate/colleges/health-human-development/biobehavioral-health-bs/
Biobehavioral Health B.S.,BIOL 220W,Biology:  Populations and Communities,,C,9,https://bulletins.psu.edu/undergraduate/colleges/health-human-development/biobehavioral-health-bs/
Biobehavioral Health B.S.,BIOL 230W,Biology:  Molecules and Cells,,C,9,https://bulletins.psu.edu/undergraduate/colleges/health-human-development/biobehavioral-health-bs/
Biobehavioral Health B.S.,BIOL 240W,Biology:  Function and Development of Organisms,,C,9,https://bulletins.psu.edu/undergraduate/colleges/health-human-development/biobehavioral-health-bs/
Biobehavioral Health B.S.,BIOL 409,Biology of Aging,,C,9,https://bulletins.psu.edu/undergraduate/colleges/health-human-development/biobehavioral-health-bs/
Biobehavioral Health B.S.,BIOL 422,Advanced Genetics,,C,9,https://bulletins.psu.edu/undergraduate/colleges/health-human-development/biobehavioral-health-bs/
Biobehavioral Health B.S.,BMB 211,Elementary Biochemistry,,C,9,https://bulletins.psu.edu/undergraduate/colleges/health-human-development/biobehavioral-health-bs/
Biobehavioral Health B.S.,CHEM 110,Chemical Principles I,,C,9,https://bulletins.psu.edu/undergraduate/colleges/health-human-development/biobehavioral-health-bs/
Biobehavioral Health B.S.,CHEM 111,Experimental Chemistry I,,C,9,https://bulletins.psu.edu/undergraduate/colleges/health-human-development/biobehavioral-health-bs/
Biobehavioral Health B.S.,CHEM 112,Chemical Principles II,,C,9,https://bulletins.psu.edu/undergraduate/colleges/health-human-development/biobehavioral-health-bs/
Biobehavioral Health B.S.,CHEM 113,Experimental Chemistry II,,C,9,https://bulletins.psu.edu/undergraduate/colleges/health-human-development/biobehavioral-health-bs/
Biobehavioral Health B.S.,CHEM 130,"Introduction to General, Organic, and Biochemistry",,C,9,https://bulletins.psu.edu/undergraduate/colleges/health-human-development/biobehavioral-health-bs/
Biobehavioral Health B.S.,CHEM 202,Fundamentals of Organic Chemistry I,,C,9,https://bulletins.psu.edu/undergraduate/colleges/health-human-development/biobehavioral-health-bs/
Biobehavioral Health B.S.,CHEM 210,Organic Chemistry I,N/A,C,9,https://bulletins.psu.edu/undergraduate/colleges/health-human-development/biobehavioral-health-bs/
Biobehavioral Health B.S.,CHEM 203,Fundamentals of Organic Chemistry II,,C,9,https://bulletins.psu.edu/undergraduate/colleges/health-human-development/biobehavioral-health-bs/
Biobehavioral Health B.S.,CHEM 213,Laboratory in Organic Chemistry,N/A,C,9,https://bulletins.psu.edu/undergraduate/colleges/health-human-development/biobehavioral-health-bs/
Biobehavioral Health B.S.,CHEM 212,Organic Chemistry II,,C,9,https://bulletins.psu.edu/undergraduate/colleges/health-human-development/biobehavioral-health-bs/
Biobehavioral Health B.S.,EARTH 100,Environment Earth,,C,9,https://bulletins.psu.edu/undergraduate/colleges/health-human-development/biobehavioral-health-bs/
Biobehavioral Health B.S.,EARTH 100H,Environment Earth: Environment and Energy,,C,9,https://bulletins.psu.edu/undergraduate/colleges/health-human-development/biobehavioral-health-bs/
Biobehavioral Health B.S.,EARTH 103N,Earth in the Future:  Predicting Climate Change and Its Impacts Over the   Next Century,,C,9,https://bulletins.psu.edu/undergraduate/colleges/health-human-development/biobehavioral-health-bs/
Biobehavioral Health B.S.,EGEE/MATSE 101,Energy and the Environment,,C,9,https://bulletins.psu.edu/undergraduate/colleges/health-human-development/biobehavioral-health-bs/
Biobehavioral Health B.S.,EGEE 101H,Energy and the Environment,,C,9,https://bulletins.psu.edu/undergraduate/colleges/health-human-development/biobehavioral-health-bs/
Biobehavioral Health B.S.,EGEE 102,Energy Conservation for Environmental Protection,,C,9,https://bulletins.psu.edu/undergraduate/colleges/health-human-development/biobehavioral-health-bs/
Biobehavioral Health B.S.,EGEE 102H,Energy Conservation for Environmental Protection,,C,9,https://bulletins.psu.edu/undergraduate/colleges/health-human-development/biobehavioral-health-bs/
Biobehavioral Health B.S.,EMSC 101,,,C,9,https://bulletins.psu.edu/undergraduate/colleges/health-human-development/biobehavioral-health-bs/
Biobehavioral Health B.S.,FDSC 404,Sensory Evaluation of Foods,,C,9,https://bulletins.psu.edu/undergraduate/colleges/health-human-development/biobehavioral-health-bs/
Biobehavioral Health B.S.,FDSC 405,Food Engineering Principles,,C,9,https://bulletins.psu.edu/undergraduate/colleges/health-human-development/biobehavioral-health-bs/
Biobehavioral Health B.S.,FDSC 406W,Physiology of Nutrition,,C,9,https://bulletins.psu.edu/undergraduate/colleges/health-human-development/biobehavioral-health-bs/
Biobehavioral Health B.S.,FDSC 407,Food Toxins,,C,9,https://bulletins.psu.edu/undergraduate/colleges/health-human-development/biobehavioral-health-bs/
Biobehavioral Health B.S.,FDSC 408,Food Microbiology,,C,9,https://bulletins.psu.edu/undergraduate/colleges/health-human-development/biobehavioral-health-bs/
Biobehavioral Health B.S.,GEOG 110,,,C,9,https://bulletins.psu.edu/undergraduate/colleges/health-human-development/biobehavioral-health-bs/
Biobehavioral Health B.S.,GEOG 110H,,,C,9,https://bulletins.psu.edu/undergraduate/colleges/health-human-development/biobehavioral-health-bs/
Biobehavioral Health B.S.,GEOG 314,Biogeography and Global Ecology,,C,9,https://bulletins.psu.edu/undergraduate/colleges/health-human-development/biobehavioral-health-bs/
Biobehavioral Health B.S.,MICRB 106,Elementary Microbiology,,C,9,https://bulletins.psu.edu/undergraduate/colleges/health-human-development/biobehavioral-health-bs/
Biobehavioral Health B.S.,MICRB 107,Elementary Microbiology Laboratory,,C,9,https://bulletins.psu.edu/undergraduate/colleges/health-human-development/biobehavioral-health-bs/
Biobehavioral Health B.S.,MICRB 201,Introductory Microbiology,,C,9,https://bulletins.psu.edu/undergraduate/colleges/health-human-development/biobehavioral-health-bs/
Biobehavioral Health B.S.,MICRB 202,Introductory Microbiology Laboratory,,C,9,https://bulletins.psu.edu/undergraduate/colleges/health-human-development/biobehavioral-health-bs/
Biobehavioral Health B.S.,PHYS 250,Introductory Physics I,,C,9,https://bulletins.psu.edu/undergraduate/colleges/health-human-development/biobehavioral-health-bs/
Biobehavioral Health B.S.,PHYS 251,Introductory Physics II,,C,9,https://bulletins.psu.edu/undergraduate/colleges/health-human-development/biobehavioral-health-bs/
Biobehavioral Health B.S.,PSYCH 260/BBH 203,Neurological Bases of Human Behavior,,C,9,https://bulletins.psu.edu/undergraduate/colleges/health-human-development/biobehavioral-health-bs/
Biobehavioral Health B.S.,PSYCH 460,Comparative Psychology,,C,9,https://bulletins.psu.edu/undergraduate/colleges/health-human-development/biobehavioral-health-bs/
Biobehavioral Health B.S.,PSYCH 461,Advanced Conditioning and Learning,,C,9,https://bulletins.psu.edu/undergraduate/colleges/health-human-development/biobehavioral-health-bs/
Biobehavioral Health B.S.,PSYCH 462,Physiological Psychology,,C,9,https://bulletins.psu.edu/undergraduate/colleges/health-human-development/biobehavioral-health-bs/
Biobehavioral Health B.S.,PSYCH 464,Behavior Genetics,,C,9,https://bulletins.psu.edu/undergraduate/colleges/health-human-development/biobehavioral-health-bs/
Biobehavioral Health B.S.,PSYCH 470,Abnormal Psychology,,C,9,https://bulletins.psu.edu/undergraduate/colleges/health-human-development/biobehavioral-health-bs/
Biobehavioral Health B.S.,PSYCH 473,Behavior Modification,,C,9,https://bulletins.psu.edu/undergraduate/colleges/health-human-development/biobehavioral-health-bs/
Biobehavioral Health B.S.,VBSC 211,The Immune System and Disease,,C,9,https://bulletins.psu.edu/undergraduate/colleges/health-human-development/biobehavioral-health-bs/
Biobehavioral Health B.S.,VBSC 230,The Science of Poisons,,C,9,https://bulletins.psu.edu/undergraduate/colleges/health-human-development/biobehavioral-health-bs/
Biobehavioral Health B.S.,VBSC 231,,,C,9,https://bulletins.psu.edu/undergraduate/colleges/health-human-development/biobehavioral-health-bs/
Biobehavioral Health B.S.,CSD 100,Vocal Health for Life,,D,9,https://bulletins.psu.edu/undergraduate/colleges/health-human-development/biobehavioral-health-bs/
Biobehavioral Health B.S.,CSD 146,Introduction to Communication Sciences and Disorders,,D,9,https://bulletins.psu.edu/undergraduate/colleges/health-human-development/biobehavioral-health-bs/
Biobehavioral Health B.S.,CSD 218,American Sign Language I,,D,9,https://bulletins.psu.edu/undergraduate/colleges/health-human-development/biobehavioral-health-bs/
Biobehavioral Health B.S.,CSD 230,Introduction to Audiology,,D,9,https://bulletins.psu.edu/undergraduate/colleges/health-human-development/biobehavioral-health-bs/
Biobehavioral Health B.S.,CSD 269,Deaf Culture,,D,9,https://bulletins.psu.edu/undergraduate/colleges/health-human-development/biobehavioral-health-bs/
Biobehavioral Health B.S.,HDFS 229,Infant and Child Development,,D,9,https://bulletins.psu.edu/undergraduate/colleges/health-human-development/biobehavioral-health-bs/
Biobehavioral Health B.S.,HDFS 239,Adolescent Development,,D,9,https://bulletins.psu.edu/undergraduate/colleges/health-human-development/biobehavioral-health-bs/
Biobehavioral Health B.S.,HDFS 249N,Adult Development and Aging,,D,9,https://bulletins.psu.edu/undergraduate/colleges/health-human-development/biobehavioral-health-bs/
Biobehavioral Health B.S.,HDFS/WMNST 250,Sexual and Gender Identity Over the Lifespan,,D,9,https://bulletins.psu.edu/undergraduate/colleges/health-human-development/biobehavioral-health-bs/
Biobehavioral Health B.S.,HDFS 302A,Leadership and Technology Skills for Human Services Professionals A,,D,9,https://bulletins.psu.edu/undergraduate/colleges/health-human-development/biobehavioral-health-bs/
Biobehavioral Health B.S.,HDFS 311,Human Development and Family Studies Interventions,,D,9,https://bulletins.psu.edu/undergraduate/colleges/health-human-development/biobehavioral-health-bs/
Biobehavioral Health B.S.,HDFS 315,Family Development,,D,9,https://bulletins.psu.edu/undergraduate/colleges/health-human-development/biobehavioral-health-bs/
Biobehavioral Health B.S.,HDFS 405,Gender and Social Development,,D,9,https://bulletins.psu.edu/undergraduate/colleges/health-human-development/biobehavioral-health-bs/
Biobehavioral Health B.S.,HDFS 416/SOC 411,Racial and Ethnic Diversity and the American Family,,D,9,https://bulletins.psu.edu/undergraduate/colleges/health-human-development/biobehavioral-health-bs/
Biobehavioral Health B.S.,HDFS 418,Family Relationships,,D,9,https://bulletins.psu.edu/undergraduate/colleges/health-human-development/biobehavioral-health-bs/
Biobehavioral Health B.S.,HDFS 428,Infant Development,,D,9,https://bulletins.psu.edu/undergraduate/colleges/health-human-development/biobehavioral-health-bs/
Biobehavioral Health B.S.,HDFS 429,Advanced Child Development,,D,9,https://bulletins.psu.edu/undergraduate/colleges/health-human-development/biobehavioral-health-bs/
Biobehavioral Health B.S.,HDFS/SOC 431,Family Disorganization: Stress Points in the Contemporary Family,,D,9,https://bulletins.psu.edu/undergraduate/colleges/health-human-development/biobehavioral-health-bs/
Biobehavioral Health B.S.,HDFS 433,Developmental Transition to Adulthood,,D,9,https://bulletins.psu.edu/undergraduate/colleges/health-human-development/biobehavioral-health-bs/
Biobehavioral Health B.S.,HDFS 445/PSYCH 416,Development Throughout Adulthood,,D,9,https://bulletins.psu.edu/undergraduate/colleges/health-human-development/biobehavioral-health-bs/
Biobehavioral Health B.S.,HPA 57,Consumer Choices in Health Care,,D,9,https://bulletins.psu.edu/undergraduate/colleges/health-human-development/biobehavioral-health-bs/
Biobehavioral Health B.S.,HPA 101,Introduction to Health Services Organization,,D,9,https://bulletins.psu.edu/undergraduate/colleges/health-human-development/biobehavioral-health-bs/
Biobehavioral Health B.S.,HPA 310,Health Care and Medical Needs,,D,9,https://bulletins.psu.edu/undergraduate/colleges/health-human-development/biobehavioral-health-bs/
Biobehavioral Health B.S.,KINES 100,The Cultural and Behavioral Foundations of Kinesiology,,D,9,https://bulletins.psu.edu/undergraduate/colleges/health-human-development/biobehavioral-health-bs/
Biobehavioral Health B.S.,KINES 101,The Biophysical Foundations of Kinesiology,,D,9,https://bulletins.psu.edu/undergraduate/colleges/health-human-development/biobehavioral-health-bs/
Biobehavioral Health B.S.,KINES 203,Medical Terminology for Allied Health Professionals,,D,9,https://bulletins.psu.edu/undergraduate/colleges/health-human-development/biobehavioral-health-bs/
Biobehavioral Health B.S.,KINES 356,Activity and Disease,,D,9,https://bulletins.psu.edu/undergraduate/colleges/health-human-development/biobehavioral-health-bs/
Biobehavioral Health B.S.,KINES 358,Ergogenic Aids,,D,9,https://bulletins.psu.edu/undergraduate/colleges/health-human-development/biobehavioral-health-bs/
Biobehavioral Health B.S.,NURS 401,Concepts of Health,,D,9,https://bulletins.psu.edu/undergraduate/colleges/health-human-development/biobehavioral-health-bs/
Biobehavioral Health B.S.,NURS/BBH/WMNST 452,Women's Health Issues,,D,9,https://bulletins.psu.edu/undergraduate/colleges/health-human-development/biobehavioral-health-bs/
Biobehavioral Health B.S.,NUTR 358,Assessment of Nutritional Status,,D,9,https://bulletins.psu.edu/undergraduate/colleges/health-human-development/biobehavioral-health-bs/
Biobehavioral Health B.S.,NUTR 360,Nutrition Education and Behavior Change Theory,,D,9,https://bulletins.psu.edu/undergraduate/colleges/health-human-development/biobehavioral-health-bs/
Biobehavioral Health B.S.,PSYCH 212,Introduction to Developmental Psychology,,D,9,https://bulletins.psu.edu/undergraduate/colleges/health-human-development/biobehavioral-health-bs/
Biobehavioral Health B.S.,PSYCH 243,Introduction to Well-being and Positive Psychology,,D,9,https://bulletins.psu.edu/undergraduate/colleges/health-human-development/biobehavioral-health-bs/
Biobehavioral Health B.S.,PSYCH 270,Introduction to Abnormal Psychology,,D,9,https://bulletins.psu.edu/undergraduate/colleges/health-human-development/biobehavioral-health-bs/
Biobehavioral Health B.S.,HDFS 129,Introduction to Human Development and Family Studies,,E,3,https://bulletins.psu.edu/undergraduate/colleges/health-human-development/biobehavioral-health-bs/
Biobehavioral Health B.S.,HDFS 229,Infant and Child Development,,E,3,https://bulletins.psu.edu/undergraduate/colleges/health-human-development/biobehavioral-health-bs/
Biobehavioral Health B.S.,HDFS 239,Adolescent Development,,E,3,https://bulletins.psu.edu/undergraduate/colleges/health-human-development/biobehavioral-health-bs/
Biobehavioral Health B.S.,HDFS 249N,Adult Development and Aging,,E,3,https://bulletins.psu.edu/undergraduate/colleges/health-human-development/biobehavioral-health-bs/
Biobehavioral Health B.S.,BIOL 230W,Biology:  Molecules and Cells,,F,3,https://bulletins.psu.edu/undergraduate/colleges/health-human-development/biobehavioral-health-bs/
Biobehavioral Health B.S.,CHEM 101,Introductory Chemistry,,F,3,https://bulletins.psu.edu/undergraduate/colleges/health-human-development/biobehavioral-health-bs/
Biobehavioral Health B.S.,CHEM 110,Chemical Principles I,,F,3,https://bulletins.psu.edu/undergraduate/colleges/health-human-development/biobehavioral-health-bs/
Biobehavioral Health B.S.,CHEM 110H,Chemical Principles I - Honors,,F,3,https://bulletins.psu.edu/undergraduate/colleges/health-human-development/biobehavioral-health-bs/
Biobehavioral Health B.S.,CHEM 130,"Introduction to General, Organic, and Biochemistry",,F,3,https://bulletins.psu.edu/undergraduate/colleges/health-human-development/biobehavioral-health-bs/
Biobehavioral Health B.S.,MICRB 106,Elementary Microbiology,,F,3,https://bulletins.psu.edu/undergraduate/colleges/health-human-development/biobehavioral-health-bs/
Biobehavioral Health B.S.,BBH 203/PSYCH 260,Neurological Bases of Human Behavior,,G,12,https://bulletins.psu.edu/undergraduate/colleges/health-human-development/biobehavioral-health-bs/
Biobehavioral Health B.S.,BBH 251,Straight Talks I: Advanced Sexual Orientation/Gender Identity Peer         Education,,G,12,https://bulletins.psu.edu/undergraduate/colleges/health-human-development/biobehavioral-health-bs/
Biobehavioral Health B.S.,BBH/AFR 305,Introduction to Global Health Issues,,G,12,https://bulletins.psu.edu/undergraduate/colleges/health-human-development/biobehavioral-health-bs/
Biobehavioral Health B.S.,BBH 315,Gender and Biobehavioral Health,,G,12,https://bulletins.psu.edu/undergraduate/colleges/health-human-development/biobehavioral-health-bs/
Biobehavioral Health B.S.,BBH 324,HealthWorks Peer Education Training,,G,12,https://bulletins.psu.edu/undergraduate/colleges/health-human-development/biobehavioral-health-bs/
Biobehavioral Health B.S.,BBH 325,Health Promotion Services Training,,G,12,https://bulletins.psu.edu/undergraduate/colleges/health-human-development/biobehavioral-health-bs/
Biobehavioral Health B.S.,BBH 368,"Neuroanatomy, Behavior, and Health",,G,12,https://bulletins.psu.edu/undergraduate/colleges/health-human-development/biobehavioral-health-bs/
Biobehavioral Health B.S.,BBH 370,Environmental Health and Sustainability,,G,12,https://bulletins.psu.edu/undergraduate/colleges/health-human-development/biobehavioral-health-bs/
Biobehavioral Health B.S.,BBH 390A,Preparation for Global Health Field Experience,,G,12,https://bulletins.psu.edu/undergraduate/colleges/health-human-development/biobehavioral-health-bs/
Biobehavioral Health B.S.,BBH 402,African Health & Development,,G,12,https://bulletins.psu.edu/undergraduate/colleges/health-human-development/biobehavioral-health-bs/
Biobehavioral Health B.S.,BBH 407,Global Health Equity,,G,12,https://bulletins.psu.edu/undergraduate/colleges/health-human-development/biobehavioral-health-bs/
Biobehavioral Health B.S.,BBH 410,Developmental and Health Genetics,,G,12,https://bulletins.psu.edu/undergraduate/colleges/health-human-development/biobehavioral-health-bs/
Biobehavioral Health B.S.,BBH 416,"Health Promotion II:  Planning, Implementation, and Evaluation",,G,12,https://bulletins.psu.edu/undergraduate/colleges/health-human-development/biobehavioral-health-bs/
Biobehavioral Health B.S.,BBH 417,Advanced Applications in Health Promotion,,G,12,https://bulletins.psu.edu/undergraduate/colleges/health-human-development/biobehavioral-health-bs/
Biobehavioral Health B.S.,BBH 432,Biobehavioral Aspects of Stress,,G,12,https://bulletins.psu.edu/undergraduate/colleges/health-human-development/biobehavioral-health-bs/
Biobehavioral Health B.S.,BBH 446,Human Sexuality as a Health Concern,,G,12,https://bulletins.psu.edu/undergraduate/colleges/health-human-development/biobehavioral-health-bs/
Biobehavioral Health B.S.,BBH 451,Pharmacological Influences on Health,,G,12,https://bulletins.psu.edu/undergraduate/colleges/health-human-development/biobehavioral-health-bs/
Biobehavioral Health B.S.,BBH/WMNST 452,Women's Health Issues,,G,12,https://bulletins.psu.edu/undergraduate/colleges/health-human-development/biobehavioral-health-bs/
Biobehavioral Health B.S.,BBH/WMNST 458,Critical Feminist Issues in Reproduction,,G,12,https://bulletins.psu.edu/undergraduate/colleges/health-human-development/biobehavioral-health-bs/
Biobehavioral Health B.S.,BBH 468,Neuroanatomical Bases for Disorders of Behavior and Health,,G,12,https://bulletins.psu.edu/undergraduate/colleges/health-human-development/biobehavioral-health-bs/
Biobehavioral Health B.S.,BBH/BIOL 469,Neurobiology,,G,12,https://bulletins.psu.edu/undergraduate/colleges/health-human-development/biobehavioral-health-bs/
Biobehavioral Health B.S.,BBH/BIOL 470,Functional and Integrative Neuroscience,,G,12,https://bulletins.psu.edu/undergraduate/colleges/health-human-development/biobehavioral-health-bs/
Biobehavioral Health B.S.,BBH 490,Introduction to Internship Experience,,G,12,https://bulletins.psu.edu/undergraduate/colleges/health-human-development/biobehavioral-health-bs/
