Major,Course_Code,Course_Title,Credits,Type,Credits_Required,URL
Computer Engineering B.S.,MATH 220,Matrices,2-3,Mandatory,N/A,https://bulletins.psu.edu/undergraduate/colleges/engineering/computer-engineering-bs/
Computer Engineering B.S.,ENGL 30H,Honors Rhetoric and Composition,N/A,Mandatory,N/A,https://bulletins.psu.edu/undergraduate/colleges/engineering/computer-engineering-bs/
Computer Engineering B.S.,CMPEN 482W,Computer Engineering Project Design,3,Mandatory,N/A,https://bulletins.psu.edu/undergraduate/colleges/engineering/computer-engineering-bs/
Computer Engineering B.S.,EE 210,Circuits and Devices,4,Mandatory,N/A,https://bulletins.psu.edu/undergraduate/colleges/engineering/computer-engineering-bs/
Computer Engineering B.S.,ENGL 202C,Effective Writing: Technical Writing,3,Mandatory,N/A,https://bulletins.psu.edu/undergraduate/colleges/engineering/computer-engineering-bs/
Computer Engineering B.S.,CAS 100B,Effective Speech,N/A,Mandatory,N/A,https://bulletins.psu.edu/undergraduate/colleges/engineering/computer-engineering-bs/
Computer Engineering B.S.,CMPSC 122,Intermediate Programming 1,3,Mandatory,N/A,https://bulletins.psu.edu/undergraduate/colleges/engineering/computer-engineering-bs/
Computer Engineering B.S.,EE 353,Signals and Systems:  Continuous and Discrete-Time,3,Mandatory,N/A,https://bulletins.psu.edu/undergraduate/colleges/engineering/computer-engineering-bs/
Computer Engineering B.S.,CMPEN 431,Introduction to Computer Architecture,3,Mandatory,N/A,https://bulletins.psu.edu/undergraduate/colleges/engineering/computer-engineering-bs/
Computer Engineering B.S.,CMPSC 121,Introduction to Programming Techniques,3,Mandatory,N/A,https://bulletins.psu.edu/undergraduate/colleges/engineering/computer-engineering-bs/
Computer Engineering B.S.,MATH 250,Ordinary Differential Equations,3,Mandatory,N/A,https://bulletins.psu.edu/undergraduate/colleges/engineering/computer-engineering-bs/
Computer Engineering B.S.,ENGL 15,Rhetoric and Composition,3,Mandatory,N/A,https://bulletins.psu.edu/undergraduate/colleges/engineering/computer-engineering-bs/
Computer Engineering B.S.,CHEM 110,Chemical Principles I,3,Mandatory,N/A,https://bulletins.psu.edu/undergraduate/colleges/engineering/computer-engineering-bs/
Computer Engineering B.S.,CMPSC 132,Programming and Computation II: Data Structures,N/A,Mandatory,N/A,https://bulletins.psu.edu/undergraduate/colleges/engineering/computer-engineering-bs/
Computer Engineering B.S.,STAT/MATH 418,Introduction to Probability and Stochastic Processes for Engineering,3,Mandatory,N/A,https://bulletins.psu.edu/undergraduate/colleges/engineering/computer-engineering-bs/
Computer Engineering B.S.,CMPSC 131,Programming and Computation I: Fundamentals,N/A,Mandatory,N/A,https://bulletins.psu.edu/undergraduate/colleges/engineering/computer-engineering-bs/
Computer Engineering B.S.,CMPSC 473,Operating Systems Design & Construction,3,Mandatory,N/A,https://bulletins.psu.edu/undergraduate/colleges/engineering/computer-engineering-bs/
Computer Engineering B.S.,EE 310,Electronic Circuit Design I,4,Mandatory,N/A,https://bulletins.psu.edu/undergraduate/colleges/engineering/computer-engineering-bs/
Computer Engineering B.S.,MATH 140,Calculus With Analytic Geometry I,4,Mandatory,N/A,https://bulletins.psu.edu/undergraduate/colleges/engineering/computer-engineering-bs/
Computer Engineering B.S.,PHYS 214,General Physics:  Wave Motion and Quantum Physics,2,Mandatory,N/A,https://bulletins.psu.edu/undergraduate/colleges/engineering/computer-engineering-bs/
Computer Engineering B.S.,CMPSC 465,Data Structures and Algorithms,3,Mandatory,N/A,https://bulletins.psu.edu/undergraduate/colleges/engineering/computer-engineering-bs/
Computer Engineering B.S.,CMPSC 221,Object Oriented Programming with Web-Based Applications,3,Mandatory,N/A,https://bulletins.psu.edu/undergraduate/colleges/engineering/computer-engineering-bs/
Computer Engineering B.S.,PHYS 211,General Physics:  Mechanics,4,Mandatory,N/A,https://bulletins.psu.edu/undergraduate/colleges/engineering/computer-engineering-bs/
Computer Engineering B.S.,PHYS 212,General Physics:  Electricity and Magnetism,4,Mandatory,N/A,https://bulletins.psu.edu/undergraduate/colleges/engineering/computer-engineering-bs/
Computer Engineering B.S.,CMPSC 311,Introduction to Systems Programming,3,Mandatory,N/A,https://bulletins.psu.edu/undergraduate/colleges/engineering/computer-engineering-bs/
Computer Engineering B.S.,MATH 231,Calculus of Several Variables,2,Mandatory,N/A,https://bulletins.psu.edu/undergraduate/colleges/engineering/computer-engineering-bs/
Computer Engineering B.S.,CMPEN 362,Communication Networks,3,Mandatory,N/A,https://bulletins.psu.edu/undergraduate/colleges/engineering/computer-engineering-bs/
Computer Engineering B.S.,MATH 141,Calculus with Analytic Geometry II,4,Mandatory,N/A,https://bulletins.psu.edu/undergraduate/colleges/engineering/computer-engineering-bs/
Computer Engineering B.S.,CMPEN 331,Computer Organization And Design,3,Mandatory,N/A,https://bulletins.psu.edu/undergraduate/colleges/engineering/computer-engineering-bs/
Computer Engineering B.S.,CMPSC 360,Discrete Mathematics for Computer Science,3,Mandatory,N/A,https://bulletins.psu.edu/undergraduate/colleges/engineering/computer-engineering-bs/
Computer Engineering B.S.,CAS 100A,Effective Speech,3,Mandatory,N/A,https://bulletins.psu.edu/undergraduate/colleges/engineering/computer-engineering-bs/
Computer Engineering B.S.,ECON 14,Principles of Economics,,B,3,https://bulletins.psu.edu/undergraduate/colleges/engineering/computer-engineering-bs/
Computer Engineering B.S.,ECON 102,Introductory Microeconomic Analysis and Policy,,B,3,https://bulletins.psu.edu/undergraduate/colleges/engineering/computer-engineering-bs/
Computer Engineering B.S.,ECON 104,Introductory Macroeconomic Analysis and Policy,,B,3,https://bulletins.psu.edu/undergraduate/colleges/engineering/computer-engineering-bs/
Computer Engineering B.S.,CMPEN 411,VLSI Digital Circuits,,C,6,https://bulletins.psu.edu/undergraduate/colleges/engineering/computer-engineering-bs/
Computer Engineering B.S.,CMPEN 416,Digital Integrated Circuits,,C,6,https://bulletins.psu.edu/undergraduate/colleges/engineering/computer-engineering-bs/
Computer Engineering B.S.,CMPEN 417,Digital Design Using Field Programmable Devices,,C,6,https://bulletins.psu.edu/undergraduate/colleges/engineering/computer-engineering-bs/
Computer Engineering B.S.,CMPEN 454,Fundamentals of Computer Vision,,C,6,https://bulletins.psu.edu/undergraduate/colleges/engineering/computer-engineering-bs/
Computer Engineering B.S.,CMPEN 455,An Introduction to Digital Image Processing,,C,6,https://bulletins.psu.edu/undergraduate/colleges/engineering/computer-engineering-bs/
Computer Engineering B.S.,CMPEN 471,,,C,6,https://bulletins.psu.edu/undergraduate/colleges/engineering/computer-engineering-bs/
Computer Engineering B.S.,CMPEN 472,Microprocessors and Embedded Systems,,C,6,https://bulletins.psu.edu/undergraduate/colleges/engineering/computer-engineering-bs/
Computer Engineering B.S.,CMPEN 473,Microcomputer Laboratory,,C,6,https://bulletins.psu.edu/undergraduate/colleges/engineering/computer-engineering-bs/
Computer Engineering B.S.,CMPEN 475,Functional Verification,,C,6,https://bulletins.psu.edu/undergraduate/colleges/engineering/computer-engineering-bs/
Computer Engineering B.S.,EE 453,Fundamentals of Digital Signal Processing,,C,6,https://bulletins.psu.edu/undergraduate/colleges/engineering/computer-engineering-bs/
Computer Engineering B.S.,EE 456,Introduction to Neural Networks,,C,6,https://bulletins.psu.edu/undergraduate/colleges/engineering/computer-engineering-bs/
Computer Engineering B.S.,CMPEN 270,Digital Design: Theory and Practice,,E,4,https://bulletins.psu.edu/undergraduate/colleges/engineering/computer-engineering-bs/
Computer Engineering B.S.,CMPEN 271,Introduction to Digital Systemsand Digital Design Laboratory 2,,E,4,https://bulletins.psu.edu/undergraduate/colleges/engineering/computer-engineering-bs/
Computer Engineering B.S.,CMPEN 275,Introduction to Digital Systemsand Digital Design Laboratory 2,,E,4,https://bulletins.psu.edu/undergraduate/colleges/engineering/computer-engineering-bs/
