Major,Course_Code,Course_Title,Credits,Type,Credits_Required,URL
Corporate Innovation and Entrepreneurship B.S.,ECON 104,Introductory Macroeconomic Analysis and Policy,3,Mandatory,N/A,https://bulletins.psu.edu/undergraduate/colleges/smeal-business/corporate-innovation-entrepreneurship-bs/
Corporate Innovation and Entrepreneurship B.S.,FIN 301,Corporation Finance,3,Mandatory,N/A,https://bulletins.psu.edu/undergraduate/colleges/smeal-business/corporate-innovation-entrepreneurship-bs/
Corporate Innovation and Entrepreneurship B.S.,STAT 200,Elementary Statistics,N/A,Mandatory,N/A,https://bulletins.psu.edu/undergraduate/colleges/smeal-business/corporate-innovation-entrepreneurship-bs/
Corporate Innovation and Entrepreneurship B.S.,MGMT 457W,Strategic Management of Innovation and Technologies,3,Mandatory,N/A,https://bulletins.psu.edu/undergraduate/colleges/smeal-business/corporate-innovation-entrepreneurship-bs/
Corporate Innovation and Entrepreneurship B.S.,ACCTG 211,Financial and Managerial Accounting for Decision Making,4,Mandatory,N/A,https://bulletins.psu.edu/undergraduate/colleges/smeal-business/corporate-innovation-entrepreneurship-bs/
Corporate Innovation and Entrepreneurship B.S.,MGMT 453,Creativity and Innovation,3,Mandatory,N/A,https://bulletins.psu.edu/undergraduate/colleges/smeal-business/corporate-innovation-entrepreneurship-bs/
Corporate Innovation and Entrepreneurship B.S.,MATH 110,Techniques of Calculus I,4,Mandatory,N/A,https://bulletins.psu.edu/undergraduate/colleges/smeal-business/corporate-innovation-entrepreneurship-bs/
Corporate Innovation and Entrepreneurship B.S.,MIS 250,Introduction to Problem Solving with Spreadsheet Analysis and Information Systems Management,3,Mandatory,N/A,https://bulletins.psu.edu/undergraduate/colleges/smeal-business/corporate-innovation-entrepreneurship-bs/
Corporate Innovation and Entrepreneurship B.S.,MKTG 301,Principles of Marketing,3,Mandatory,N/A,https://bulletins.psu.edu/undergraduate/colleges/smeal-business/corporate-innovation-entrepreneurship-bs/
Corporate Innovation and Entrepreneurship B.S.,MGMT 301,Basic Management Concepts,3,Mandatory,N/A,https://bulletins.psu.edu/undergraduate/colleges/smeal-business/corporate-innovation-entrepreneurship-bs/
Corporate Innovation and Entrepreneurship B.S.,ECON 102,Introductory Microeconomic Analysis and Policy,3,Mandatory,N/A,https://bulletins.psu.edu/undergraduate/colleges/smeal-business/corporate-innovation-entrepreneurship-bs/
Corporate Innovation and Entrepreneurship B.S.,MGMT 425,New Venture Creation,3,Mandatory,N/A,https://bulletins.psu.edu/undergraduate/colleges/smeal-business/corporate-innovation-entrepreneurship-bs/
Corporate Innovation and Entrepreneurship B.S.,MATH 140,Calculus With Analytic Geometry I,N/A,Mandatory,N/A,https://bulletins.psu.edu/undergraduate/colleges/smeal-business/corporate-innovation-entrepreneurship-bs/
Corporate Innovation and Entrepreneurship B.S.,SCM 200,Introduction to Statistics for Business,4,Mandatory,N/A,https://bulletins.psu.edu/undergraduate/colleges/smeal-business/corporate-innovation-entrepreneurship-bs/
Corporate Innovation and Entrepreneurship B.S.,BA 411,Analyzing Business and Industry,3,Mandatory,N/A,https://bulletins.psu.edu/undergraduate/colleges/smeal-business/corporate-innovation-entrepreneurship-bs/
Corporate Innovation and Entrepreneurship B.S.,BLAW 341,"Business Law I: Introduction to Contracts, Liability Issues, and           Intellectual Property",3,Mandatory,N/A,https://bulletins.psu.edu/undergraduate/colleges/smeal-business/corporate-innovation-entrepreneurship-bs/
Corporate Innovation and Entrepreneurship B.S.,BA 342,"Socially Responsible, Sustainable and Ethical Business Practice",3,Mandatory,N/A,https://bulletins.psu.edu/undergraduate/colleges/smeal-business/corporate-innovation-entrepreneurship-bs/
Corporate Innovation and Entrepreneurship B.S.,ENGL 202D,Effective Writing: Business Writing,3,Mandatory,N/A,https://bulletins.psu.edu/undergraduate/colleges/smeal-business/corporate-innovation-entrepreneurship-bs/
Corporate Innovation and Entrepreneurship B.S.,SCM 301,Supply Chain Management,3,Mandatory,N/A,https://bulletins.psu.edu/undergraduate/colleges/smeal-business/corporate-innovation-entrepreneurship-bs/
Corporate Innovation and Entrepreneurship B.S.,ENGL 15,Rhetoric and Composition,,A,3,https://bulletins.psu.edu/undergraduate/colleges/smeal-business/corporate-innovation-entrepreneurship-bs/
Corporate Innovation and Entrepreneurship B.S.,ENGL 30H,Honors Rhetoric and Composition,,A,3,https://bulletins.psu.edu/undergraduate/colleges/smeal-business/corporate-innovation-entrepreneurship-bs/
Corporate Innovation and Entrepreneurship B.S.,ENGL/CAS 137H,Rhetoric and Civic Life I,,A,3,https://bulletins.psu.edu/undergraduate/colleges/smeal-business/corporate-innovation-entrepreneurship-bs/
Corporate Innovation and Entrepreneurship B.S.,ESL 15,ESL Composition for American Academic Communication II,,A,3,https://bulletins.psu.edu/undergraduate/colleges/smeal-business/corporate-innovation-entrepreneurship-bs/
Corporate Innovation and Entrepreneurship B.S.,MGMT 365,Social Entrepreneurship,,B,9,https://bulletins.psu.edu/undergraduate/colleges/smeal-business/corporate-innovation-entrepreneurship-bs/
Corporate Innovation and Entrepreneurship B.S.,MGMT 420,Negotiation and Conflict Management,,B,9,https://bulletins.psu.edu/undergraduate/colleges/smeal-business/corporate-innovation-entrepreneurship-bs/
Corporate Innovation and Entrepreneurship B.S.,MGMT 427,Managing an Entrepreneurial Start-Up Company,,B,9,https://bulletins.psu.edu/undergraduate/colleges/smeal-business/corporate-innovation-entrepreneurship-bs/
Corporate Innovation and Entrepreneurship B.S.,MGMT 480,Business Transformation Consulting,,B,9,https://bulletins.psu.edu/undergraduate/colleges/smeal-business/corporate-innovation-entrepreneurship-bs/
Corporate Innovation and Entrepreneurship B.S.,MGMT 485,Entrepreneurial Opportunity Creation,,B,9,https://bulletins.psu.edu/undergraduate/colleges/smeal-business/corporate-innovation-entrepreneurship-bs/
Corporate Innovation and Entrepreneurship B.S.,MGMT 486,Entrepreneurial Investment and Resource Acquisition,,B,9,https://bulletins.psu.edu/undergraduate/colleges/smeal-business/corporate-innovation-entrepreneurship-bs/
