Major,Course_Code,Course_Title,Credits,Type,Credits_Required,URL
Materials Science and Engineering B.S.,ENGL 30H,Honors Rhetoric and Composition,N/A,Mandatory,N/A,https://bulletins.psu.edu/undergraduate/colleges/earth-mineral-sciences/materials-science-engineering-bs/
Materials Science and Engineering B.S.,ENGL 202C,Effective Writing: Technical Writing,3,Mandatory,N/A,https://bulletins.psu.edu/undergraduate/colleges/earth-mineral-sciences/materials-science-engineering-bs/
Materials Science and Engineering B.S.,MATSE 493W,Materials Science and Engineering Multidisciplinary Capstone Design Project,3,Mandatory,N/A,https://bulletins.psu.edu/undergraduate/colleges/earth-mineral-sciences/materials-science-engineering-bs/
Materials Science and Engineering B.S.,MATSE 494W,Research and Design Senior Project,N/A,Mandatory,N/A,https://bulletins.psu.edu/undergraduate/colleges/earth-mineral-sciences/materials-science-engineering-bs/
Materials Science and Engineering B.S.,MATSE 419,Computational Materials Science and Engineering,3,Mandatory,N/A,https://bulletins.psu.edu/undergraduate/colleges/earth-mineral-sciences/materials-science-engineering-bs/
Materials Science and Engineering B.S.,CHEM 113,Experimental Chemistry II,1,Mandatory,N/A,https://bulletins.psu.edu/undergraduate/colleges/earth-mineral-sciences/materials-science-engineering-bs/
Materials Science and Engineering B.S.,CHEM 112,Chemical Principles II,N/A,Mandatory,N/A,https://bulletins.psu.edu/undergraduate/colleges/earth-mineral-sciences/materials-science-engineering-bs/
Materials Science and Engineering B.S.,ENGL 15,Rhetoric and Composition,3,Mandatory,N/A,https://bulletins.psu.edu/undergraduate/colleges/earth-mineral-sciences/materials-science-engineering-bs/
Materials Science and Engineering B.S.,MATH 251,Ordinary and Partial Differential Equations,4,Mandatory,N/A,https://bulletins.psu.edu/undergraduate/colleges/earth-mineral-sciences/materials-science-engineering-bs/
Materials Science and Engineering B.S.,IE 424,Process Quality Engineering,3,Mandatory,N/A,https://bulletins.psu.edu/undergraduate/colleges/earth-mineral-sciences/materials-science-engineering-bs/
Materials Science and Engineering B.S.,EMSC 100S,Earth and Mineral Sciences First-Year Seminar  1,3,Mandatory,N/A,https://bulletins.psu.edu/undergraduate/colleges/earth-mineral-sciences/materials-science-engineering-bs/
Materials Science and Engineering B.S.,CHEM 110,Chemical Principles I,3,Mandatory,N/A,https://bulletins.psu.edu/undergraduate/colleges/earth-mineral-sciences/materials-science-engineering-bs/
Materials Science and Engineering B.S.,MATSE 112,Applied Materials Chemistry for Engineers,3,Mandatory,N/A,https://bulletins.psu.edu/undergraduate/colleges/earth-mineral-sciences/materials-science-engineering-bs/
Materials Science and Engineering B.S.,MATSE 413,Solid-State Materials,3,Mandatory,N/A,https://bulletins.psu.edu/undergraduate/colleges/earth-mineral-sciences/materials-science-engineering-bs/
Materials Science and Engineering B.S.,MATSE 430,Materials Characterization,3,Mandatory,N/A,https://bulletins.psu.edu/undergraduate/colleges/earth-mineral-sciences/materials-science-engineering-bs/
Materials Science and Engineering B.S.,CMPSC 200,Programming for Engineers with MATLAB,3,Mandatory,N/A,https://bulletins.psu.edu/undergraduate/colleges/earth-mineral-sciences/materials-science-engineering-bs/
Materials Science and Engineering B.S.,MATSE 462,General Properties Laboratory in Materials,1,Mandatory,N/A,https://bulletins.psu.edu/undergraduate/colleges/earth-mineral-sciences/materials-science-engineering-bs/
Materials Science and Engineering B.S.,MATSE 202,Introduction to Polymer Materials,3,Mandatory,N/A,https://bulletins.psu.edu/undergraduate/colleges/earth-mineral-sciences/materials-science-engineering-bs/
Materials Science and Engineering B.S.,CHEM 111,Experimental Chemistry I,1,Mandatory,N/A,https://bulletins.psu.edu/undergraduate/colleges/earth-mineral-sciences/materials-science-engineering-bs/
Materials Science and Engineering B.S.,MATSE 492W,Materials Engineering Methodology and Design,3,Mandatory,N/A,https://bulletins.psu.edu/undergraduate/colleges/earth-mineral-sciences/materials-science-engineering-bs/
Materials Science and Engineering B.S.,MATH 141G,Calculus with Earth and Mineral Sciences Applications II,4,Mandatory,N/A,https://bulletins.psu.edu/undergraduate/colleges/earth-mineral-sciences/materials-science-engineering-bs/
Materials Science and Engineering B.S.,MATSE 201,Introduction to Materials Science,3,Mandatory,N/A,https://bulletins.psu.edu/undergraduate/colleges/earth-mineral-sciences/materials-science-engineering-bs/
Materials Science and Engineering B.S.,MATSE 400,Crystal Chemistry,3,Mandatory,N/A,https://bulletins.psu.edu/undergraduate/colleges/earth-mineral-sciences/materials-science-engineering-bs/
Materials Science and Engineering B.S.,PHYS 211,General Physics:  Mechanics,4,Mandatory,N/A,https://bulletins.psu.edu/undergraduate/colleges/earth-mineral-sciences/materials-science-engineering-bs/
Materials Science and Engineering B.S.,MATSE 402,Materials Process Kinetics,3,Mandatory,N/A,https://bulletins.psu.edu/undergraduate/colleges/earth-mineral-sciences/materials-science-engineering-bs/
Materials Science and Engineering B.S.,MATSE 401,Thermodynamics of Materials,3,Mandatory,N/A,https://bulletins.psu.edu/undergraduate/colleges/earth-mineral-sciences/materials-science-engineering-bs/
Materials Science and Engineering B.S.,PHYS 212,General Physics:  Electricity and Magnetism,4,Mandatory,N/A,https://bulletins.psu.edu/undergraduate/colleges/earth-mineral-sciences/materials-science-engineering-bs/
Materials Science and Engineering B.S.,MATSE 460,Introductory Laboratory in Materials,1,Mandatory,N/A,https://bulletins.psu.edu/undergraduate/colleges/earth-mineral-sciences/materials-science-engineering-bs/
Materials Science and Engineering B.S.,MATH 231,Calculus of Several Variables,2,Mandatory,N/A,https://bulletins.psu.edu/undergraduate/colleges/earth-mineral-sciences/materials-science-engineering-bs/
Materials Science and Engineering B.S.,MATH 220,Matrices,2,Mandatory,N/A,https://bulletins.psu.edu/undergraduate/colleges/earth-mineral-sciences/materials-science-engineering-bs/
Materials Science and Engineering B.S.,CHEM 202,Fundamentals of Organic Chemistry I,3,Mandatory,N/A,https://bulletins.psu.edu/undergraduate/colleges/earth-mineral-sciences/materials-science-engineering-bs/
Materials Science and Engineering B.S.,MATH 140G,Calculus with Earth and Mineral Sciences Applications I,4,Mandatory,N/A,https://bulletins.psu.edu/undergraduate/colleges/earth-mineral-sciences/materials-science-engineering-bs/
Materials Science and Engineering B.S.,MATSE 436,Mechanical Properties of Materials,3,Mandatory,N/A,https://bulletins.psu.edu/undergraduate/colleges/earth-mineral-sciences/materials-science-engineering-bs/
Materials Science and Engineering B.S.,MATSE 411,Processing of Ceramics,,A,3,https://bulletins.psu.edu/undergraduate/colleges/earth-mineral-sciences/materials-science-engineering-bs/
Materials Science and Engineering B.S.,MATSE 422,Thermochemical Processing,,A,3,https://bulletins.psu.edu/undergraduate/colleges/earth-mineral-sciences/materials-science-engineering-bs/
Materials Science and Engineering B.S.,MATSE 425,Processing of Metals,,A,3,https://bulletins.psu.edu/undergraduate/colleges/earth-mineral-sciences/materials-science-engineering-bs/
Materials Science and Engineering B.S.,MATSE 441,Polymeric Materials I,,A,3,https://bulletins.psu.edu/undergraduate/colleges/earth-mineral-sciences/materials-science-engineering-bs/
Materials Science and Engineering B.S.,MATSE 450,Synthesis and Processing of Electronic and Photonic Materials,,A,3,https://bulletins.psu.edu/undergraduate/colleges/earth-mineral-sciences/materials-science-engineering-bs/
Materials Science and Engineering B.S.,MATSE 410,Phase Relations in Materials Systems,,B,3,https://bulletins.psu.edu/undergraduate/colleges/earth-mineral-sciences/materials-science-engineering-bs/
Materials Science and Engineering B.S.,MATSE 415,Introduction to Glass Science,,B,3,https://bulletins.psu.edu/undergraduate/colleges/earth-mineral-sciences/materials-science-engineering-bs/
Materials Science and Engineering B.S.,MATSE 421,Corrosion Engineering,,B,3,https://bulletins.psu.edu/undergraduate/colleges/earth-mineral-sciences/materials-science-engineering-bs/
Materials Science and Engineering B.S.,MATSE 445,"Thermodynamics, Microstructure, and Characterization of Polymers",,B,3,https://bulletins.psu.edu/undergraduate/colleges/earth-mineral-sciences/materials-science-engineering-bs/
Materials Science and Engineering B.S.,MATSE 455,Properties and Characterization of Electronic and Photonic Materials,,B,3,https://bulletins.psu.edu/undergraduate/colleges/earth-mineral-sciences/materials-science-engineering-bs/
Materials Science and Engineering B.S.,MATSE 412,Thermal Properties of Materials,,C,3,https://bulletins.psu.edu/undergraduate/colleges/earth-mineral-sciences/materials-science-engineering-bs/
Materials Science and Engineering B.S.,MATSE 417,Electrical and Magnetic Properties,,C,3,https://bulletins.psu.edu/undergraduate/colleges/earth-mineral-sciences/materials-science-engineering-bs/
Materials Science and Engineering B.S.,MATSE 435,Optical Properties of Materials,,C,3,https://bulletins.psu.edu/undergraduate/colleges/earth-mineral-sciences/materials-science-engineering-bs/
Materials Science and Engineering B.S.,MATSE 446,Mechanical and Electrical Properties of Polymers and Composities,,C,3,https://bulletins.psu.edu/undergraduate/colleges/earth-mineral-sciences/materials-science-engineering-bs/
Materials Science and Engineering B.S.,MATSE 447,Rheology and Processing of Polymers,,C,3,https://bulletins.psu.edu/undergraduate/colleges/earth-mineral-sciences/materials-science-engineering-bs/
Materials Science and Engineering B.S.,MATSE 463,Characterization and Processing of Electronic and Photonic Materials       Laboratory,,C,3,https://bulletins.psu.edu/undergraduate/colleges/earth-mineral-sciences/materials-science-engineering-bs/
Materials Science and Engineering B.S.,MATSE 468,Ceramics Laboratory III,,C,3,https://bulletins.psu.edu/undergraduate/colleges/earth-mineral-sciences/materials-science-engineering-bs/
Materials Science and Engineering B.S.,MATSE 471,Metallurgy Laboratory I,,C,3,https://bulletins.psu.edu/undergraduate/colleges/earth-mineral-sciences/materials-science-engineering-bs/
Materials Science and Engineering B.S.,MATSE 473,Polymeric Materials Laboratory--Synthesis,,C,3,https://bulletins.psu.edu/undergraduate/colleges/earth-mineral-sciences/materials-science-engineering-bs/
