Major,Course_Code,Course_Title,Credits,Type,Credits_Required,URL
Mathematics B.A.,STAT 200,Elementary Statistics,4,Mandatory,N/A,https://bulletins.psu.edu/undergraduate/colleges/eberly-science/mathematics-ba/
Mathematics B.A.,MATH 230,Calculus and Vector Analysis,4,Mandatory,N/A,https://bulletins.psu.edu/undergraduate/colleges/eberly-science/mathematics-ba/
Mathematics B.A.,MATH 403,Classical Analysis I,3,Mandatory,N/A,https://bulletins.psu.edu/undergraduate/colleges/eberly-science/mathematics-ba/
Mathematics B.A.,MATH 220,Matrices,2-3,Mandatory,N/A,https://bulletins.psu.edu/undergraduate/colleges/eberly-science/mathematics-ba/
Mathematics B.A.,MATH 312,Concepts of Real Analysis,3,Mandatory,N/A,https://bulletins.psu.edu/undergraduate/colleges/eberly-science/mathematics-ba/
Mathematics B.A.,MATH 251,Ordinary and Partial Differential Equations,N/A,Mandatory,N/A,https://bulletins.psu.edu/undergraduate/colleges/eberly-science/mathematics-ba/
Mathematics B.A.,MATH 140,Calculus With Analytic Geometry I,4,Mandatory,N/A,https://bulletins.psu.edu/undergraduate/colleges/eberly-science/mathematics-ba/
Mathematics B.A.,MATH 141,Calculus with Analytic Geometry II,4,Mandatory,N/A,https://bulletins.psu.edu/undergraduate/colleges/eberly-science/mathematics-ba/
Mathematics B.A.,MATH 436,Linear Algebra,N/A,Mandatory,N/A,https://bulletins.psu.edu/undergraduate/colleges/eberly-science/mathematics-ba/
Mathematics B.A.,MATH 250,Ordinary Differential Equations,3-4,Mandatory,N/A,https://bulletins.psu.edu/undergraduate/colleges/eberly-science/mathematics-ba/
Mathematics B.A.,MATH 435,Basic Abstract Algebra,3,Mandatory,N/A,https://bulletins.psu.edu/undergraduate/colleges/eberly-science/mathematics-ba/
Mathematics B.A.,MATH 311W,Concepts of Discrete Mathematics,3-4,Mandatory,N/A,https://bulletins.psu.edu/undergraduate/colleges/eberly-science/mathematics-ba/
Mathematics B.A.,CMPSC 101,Introduction to Programming,,A,3,https://bulletins.psu.edu/undergraduate/colleges/eberly-science/mathematics-ba/
Mathematics B.A.,CMPSC 121,Introduction to Programming Techniques,,A,3,https://bulletins.psu.edu/undergraduate/colleges/eberly-science/mathematics-ba/
Mathematics B.A.,CMPSC 131,Programming and Computation I: Fundamentals,,A,3,https://bulletins.psu.edu/undergraduate/colleges/eberly-science/mathematics-ba/
Mathematics B.A.,CMPSC 201,Programming for Engineers with C++,,A,3,https://bulletins.psu.edu/undergraduate/colleges/eberly-science/mathematics-ba/
Mathematics B.A.,MATH 411,Ordinary Differential Equations,,B,3,https://bulletins.psu.edu/undergraduate/colleges/eberly-science/mathematics-ba/
Mathematics B.A.,MATH 412,Fourier Series and Partial Differential Equations,,B,3,https://bulletins.psu.edu/undergraduate/colleges/eberly-science/mathematics-ba/
Mathematics B.A.,MATH 417,Qualitative Theory of Differential Equations,,B,3,https://bulletins.psu.edu/undergraduate/colleges/eberly-science/mathematics-ba/
Mathematics B.A.,MATH 419,Theoretical Mechanics,,B,3,https://bulletins.psu.edu/undergraduate/colleges/eberly-science/mathematics-ba/
Mathematics B.A.,MATH 421,Complex Analysis,,B,3,https://bulletins.psu.edu/undergraduate/colleges/eberly-science/mathematics-ba/
