Major,Course_Code,Course_Title,Credits,Type,Credits_Required,URL
Meteorology and Atmospheric Science B.S.,METEO 411,Synoptic Meteorology Laboratory,4,Mandatory,N/A,https://bulletins.psu.edu/undergraduate/colleges/earth-mineral-sciences/meteorology-atmospheric-science-bs/
Meteorology and Atmospheric Science B.S.,METEO 440W,Principles of Atmospheric Measurements,3,Mandatory,N/A,https://bulletins.psu.edu/undergraduate/colleges/earth-mineral-sciences/meteorology-atmospheric-science-bs/
Meteorology and Atmospheric Science B.S.,METEO 431,Atmospheric Thermodynamics,3,Mandatory,N/A,https://bulletins.psu.edu/undergraduate/colleges/earth-mineral-sciences/meteorology-atmospheric-science-bs/
Meteorology and Atmospheric Science B.S.,PHYS 211,General Physics:  Mechanics,4,Mandatory,N/A,https://bulletins.psu.edu/undergraduate/colleges/earth-mineral-sciences/meteorology-atmospheric-science-bs/
Meteorology and Atmospheric Science B.S.,METEO 470,Climate Dynamics,3,Mandatory,N/A,https://bulletins.psu.edu/undergraduate/colleges/earth-mineral-sciences/meteorology-atmospheric-science-bs/
Meteorology and Atmospheric Science B.S.,CAS 100,Effective Speech,3,Mandatory,N/A,https://bulletins.psu.edu/undergraduate/colleges/earth-mineral-sciences/meteorology-atmospheric-science-bs/
Meteorology and Atmospheric Science B.S.,MATH 251,Ordinary and Partial Differential Equations,4,Mandatory,N/A,https://bulletins.psu.edu/undergraduate/colleges/earth-mineral-sciences/meteorology-atmospheric-science-bs/
Meteorology and Atmospheric Science B.S.,ENGL 15,Rhetoric and Composition,3,Mandatory,N/A,https://bulletins.psu.edu/undergraduate/colleges/earth-mineral-sciences/meteorology-atmospheric-science-bs/
Meteorology and Atmospheric Science B.S.,ENGL 30H,Honors Rhetoric and Composition,N/A,Mandatory,N/A,https://bulletins.psu.edu/undergraduate/colleges/earth-mineral-sciences/meteorology-atmospheric-science-bs/
Meteorology and Atmospheric Science B.S.,METEO 300,Fundamentals of Atmospheric Science,4,Mandatory,N/A,https://bulletins.psu.edu/undergraduate/colleges/earth-mineral-sciences/meteorology-atmospheric-science-bs/
Meteorology and Atmospheric Science B.S.,PHYS 212,General Physics:  Electricity and Magnetism,4,Mandatory,N/A,https://bulletins.psu.edu/undergraduate/colleges/earth-mineral-sciences/meteorology-atmospheric-science-bs/
Meteorology and Atmospheric Science B.S.,EMSC 100S,Earth and Mineral Sciences First-Year Seminar  1,3,Mandatory,N/A,https://bulletins.psu.edu/undergraduate/colleges/earth-mineral-sciences/meteorology-atmospheric-science-bs/
Meteorology and Atmospheric Science B.S.,MATH 140,Calculus With Analytic Geometry I,4,Mandatory,N/A,https://bulletins.psu.edu/undergraduate/colleges/earth-mineral-sciences/meteorology-atmospheric-science-bs/
Meteorology and Atmospheric Science B.S.,CHEM 110,Chemical Principles I,3,Mandatory,N/A,https://bulletins.psu.edu/undergraduate/colleges/earth-mineral-sciences/meteorology-atmospheric-science-bs/
Meteorology and Atmospheric Science B.S.,METEO 421,Atmospheric Dynamics,4,Mandatory,N/A,https://bulletins.psu.edu/undergraduate/colleges/earth-mineral-sciences/meteorology-atmospheric-science-bs/
Meteorology and Atmospheric Science B.S.,MATH 141,Calculus with Analytic Geometry II,4,Mandatory,N/A,https://bulletins.psu.edu/undergraduate/colleges/earth-mineral-sciences/meteorology-atmospheric-science-bs/
Meteorology and Atmospheric Science B.S.,ENGL 202C,Effective Writing: Technical Writing,N/A,Mandatory,N/A,https://bulletins.psu.edu/undergraduate/colleges/earth-mineral-sciences/meteorology-atmospheric-science-bs/
