Major,Course_Code,Course_Title,Credits,Type,Credits_Required,URL
Middle East Studies B.A.,HIST/JST 181,Introduction to the Middle East,3,Mandatory,N/A,https://bulletins.psu.edu/undergraduate/colleges/liberal-arts/middle-east-studies-ba/
Middle East Studies B.A.,HIST/JST 305Y,Middle East Studies Research Workshop,3,Mandatory,N/A,https://bulletins.psu.edu/undergraduate/colleges/liberal-arts/middle-east-studies-ba/
Middle East Studies B.A.,CMLIT 7,Introduction to Middle Eastern Literatures,,A,3,https://bulletins.psu.edu/undergraduate/colleges/liberal-arts/middle-east-studies-ba/
Middle East Studies B.A.,HIST/ARAB/RLST 165,"Islamic States, Societies and Cultures c. 600-1500",,A,3,https://bulletins.psu.edu/undergraduate/colleges/liberal-arts/middle-east-studies-ba/
Middle East Studies B.A.,HIST/JST 190,The Middle East Today,,A,3,https://bulletins.psu.edu/undergraduate/colleges/liberal-arts/middle-east-studies-ba/
Middle East Studies B.A.,PLSC 267N,Government and Politics of the Middle East,,A,3,https://bulletins.psu.edu/undergraduate/colleges/liberal-arts/middle-east-studies-ba/
Middle East Studies B.A.,RLST 107,Introduction to Islam,,A,3,https://bulletins.psu.edu/undergraduate/colleges/liberal-arts/middle-east-studies-ba/
Middle East Studies B.A.,ANTH/JST/PLSC/SOC 60N,Society and Cultures in Modern Israel,,A,3,https://bulletins.psu.edu/undergraduate/colleges/liberal-arts/middle-east-studies-ba/
Middle East Studies B.A.,ARAB 1,Elementary Modern Standard Arabic I,,A,3,https://bulletins.psu.edu/undergraduate/colleges/liberal-arts/middle-east-studies-ba/
Middle East Studies B.A.,ARAB 2,Elementary Modern Standard Arabic II,,A,3,https://bulletins.psu.edu/undergraduate/colleges/liberal-arts/middle-east-studies-ba/
Middle East Studies B.A.,ARAB 3,Intermediate Modern Standard Arabic,,A,3,https://bulletins.psu.edu/undergraduate/colleges/liberal-arts/middle-east-studies-ba/
Middle East Studies B.A.,ARAB 110,"Arab Language, Cultures, and Current Topics",,A,3,https://bulletins.psu.edu/undergraduate/colleges/liberal-arts/middle-east-studies-ba/
Middle East Studies B.A.,ARAB/RLST 164,Introduction to the Qur'an,,A,3,https://bulletins.psu.edu/undergraduate/colleges/liberal-arts/middle-east-studies-ba/
Middle East Studies B.A.,ARAB/HIST/RLST 165,"Islamic States, Societies and Cultures c. 600-1500",,A,3,https://bulletins.psu.edu/undergraduate/colleges/liberal-arts/middle-east-studies-ba/
Middle East Studies B.A.,ARAB 401,Advanced Language & Cultures I,,A,3,https://bulletins.psu.edu/undergraduate/colleges/liberal-arts/middle-east-studies-ba/
Middle East Studies B.A.,ARAB 402,Advanced Language & Cultures II,,A,3,https://bulletins.psu.edu/undergraduate/colleges/liberal-arts/middle-east-studies-ba/
Middle East Studies B.A.,ARTH 125,Islamic Architecture and Art,,A,3,https://bulletins.psu.edu/undergraduate/colleges/liberal-arts/middle-east-studies-ba/
Middle East Studies B.A.,ASIA/HIST/JST 186,The Silk Roads,,A,3,https://bulletins.psu.edu/undergraduate/colleges/liberal-arts/middle-east-studies-ba/
Middle East Studies B.A.,ASIA 401,Technology & Society in Modern Asia,,A,3,https://bulletins.psu.edu/undergraduate/colleges/liberal-arts/middle-east-studies-ba/
Middle East Studies B.A.,CAMS 10,Mesopotamian Civilization,,A,3,https://bulletins.psu.edu/undergraduate/colleges/liberal-arts/middle-east-studies-ba/
Middle East Studies B.A.,CAMS 10U,MESOPOTAMIAN CIVILIZATION,,A,3,https://bulletins.psu.edu/undergraduate/colleges/liberal-arts/middle-east-studies-ba/
Middle East Studies B.A.,CAMS 20,Egyptian Civilization,,A,3,https://bulletins.psu.edu/undergraduate/colleges/liberal-arts/middle-east-studies-ba/
Middle East Studies B.A.,CAMS/RLST 44,Myth in Egypt and the Near East,,A,3,https://bulletins.psu.edu/undergraduate/colleges/liberal-arts/middle-east-studies-ba/
Middle East Studies B.A.,CAMS/JST/RLST 90,"Jerusalem: Past, Present, and Future",,A,3,https://bulletins.psu.edu/undergraduate/colleges/liberal-arts/middle-east-studies-ba/
Middle East Studies B.A.,CAMS/HIST/JST/RLST 102,Ancient Israel,,A,3,https://bulletins.psu.edu/undergraduate/colleges/liberal-arts/middle-east-studies-ba/
Middle East Studies B.A.,CAMS/HIST 104,Ancient Egypt,,A,3,https://bulletins.psu.edu/undergraduate/colleges/liberal-arts/middle-east-studies-ba/
Middle East Studies B.A.,CAMS 115,Literature of the Ancient Near East,,A,3,https://bulletins.psu.edu/undergraduate/colleges/liberal-arts/middle-east-studies-ba/
Middle East Studies B.A.,CAMS 405,Law & Economy in the Ancient Near East,,A,3,https://bulletins.psu.edu/undergraduate/colleges/liberal-arts/middle-east-studies-ba/
Middle East Studies B.A.,CAMS 470,Languages and Cultures of the Ancient Near East,,A,3,https://bulletins.psu.edu/undergraduate/colleges/liberal-arts/middle-east-studies-ba/
Middle East Studies B.A.,CMLIT 7,Introduction to Middle Eastern Literatures,,A,3,https://bulletins.psu.edu/undergraduate/colleges/liberal-arts/middle-east-studies-ba/
Middle East Studies B.A.,CMLIT 449,Literary Cultures of Islam,,A,3,https://bulletins.psu.edu/undergraduate/colleges/liberal-arts/middle-east-studies-ba/
Middle East Studies B.A.,HEBR 1,Basic Modern Hebrew I,,A,3,https://bulletins.psu.edu/undergraduate/colleges/liberal-arts/middle-east-studies-ba/
Middle East Studies B.A.,HEBR 2,Basic Modern Hebrew II,,A,3,https://bulletins.psu.edu/undergraduate/colleges/liberal-arts/middle-east-studies-ba/
Middle East Studies B.A.,HEBR 3,Intermediate Modern Hebrew,,A,3,https://bulletins.psu.edu/undergraduate/colleges/liberal-arts/middle-east-studies-ba/
Middle East Studies B.A.,HEBR 401,Advanced Hebrew--Conversation Emphasis,,A,3,https://bulletins.psu.edu/undergraduate/colleges/liberal-arts/middle-east-studies-ba/
Middle East Studies B.A.,HEBR 402,Advanced Hebrew--Reading Emphasis,,A,3,https://bulletins.psu.edu/undergraduate/colleges/liberal-arts/middle-east-studies-ba/
Middle East Studies B.A.,HIST 105,The Byzantine Empire,,A,3,https://bulletins.psu.edu/undergraduate/colleges/liberal-arts/middle-east-studies-ba/
Middle East Studies B.A.,HIST 106,"Early Modern Empires of Islam: The Ottomans, Safavids, and Mughals",,A,3,https://bulletins.psu.edu/undergraduate/colleges/liberal-arts/middle-east-studies-ba/
Middle East Studies B.A.,HIST 108,Crusades: Holy War in the Middle Ages,,A,3,https://bulletins.psu.edu/undergraduate/colleges/liberal-arts/middle-east-studies-ba/
Middle East Studies B.A.,HIST/JST 140,The History of the Israel-Palestine Conflict (1917-Present),,A,3,https://bulletins.psu.edu/undergraduate/colleges/liberal-arts/middle-east-studies-ba/
Middle East Studies B.A.,HIST 169,The Indian Ocean World,,A,3,https://bulletins.psu.edu/undergraduate/colleges/liberal-arts/middle-east-studies-ba/
Middle East Studies B.A.,HIST/JST 193,Modern Iran,,A,3,https://bulletins.psu.edu/undergraduate/colleges/liberal-arts/middle-east-studies-ba/
Middle East Studies B.A.,HIST 238N,Society and Culture in Palestine/Israel,,A,3,https://bulletins.psu.edu/undergraduate/colleges/liberal-arts/middle-east-studies-ba/
Middle East Studies B.A.,HIST 245,Middle Eastern Cities,,A,3,https://bulletins.psu.edu/undergraduate/colleges/liberal-arts/middle-east-studies-ba/
Middle East Studies B.A.,HIST 252,Revolutions in the Middle East,,A,3,https://bulletins.psu.edu/undergraduate/colleges/liberal-arts/middle-east-studies-ba/
Middle East Studies B.A.,HIST/JST 260,The Middle East in Film,,A,3,https://bulletins.psu.edu/undergraduate/colleges/liberal-arts/middle-east-studies-ba/
Middle East Studies B.A.,HIST/JST 416,Zionism,,A,3,https://bulletins.psu.edu/undergraduate/colleges/liberal-arts/middle-east-studies-ba/
Middle East Studies B.A.,HIST/RLST 423,,,A,3,https://bulletins.psu.edu/undergraduate/colleges/liberal-arts/middle-east-studies-ba/
Middle East Studies B.A.,HIST/JST 443,Jewish Histories of the Middle East,,A,3,https://bulletins.psu.edu/undergraduate/colleges/liberal-arts/middle-east-studies-ba/
Middle East Studies B.A.,HIST/RLST 471Y,"Classical Islamic Civilization, 600-1258",,A,3,https://bulletins.psu.edu/undergraduate/colleges/liberal-arts/middle-east-studies-ba/
Middle East Studies B.A.,HIST 472,The Ottoman Empire,,A,3,https://bulletins.psu.edu/undergraduate/colleges/liberal-arts/middle-east-studies-ba/
Middle East Studies B.A.,HIST/JST 473,The Contemporary Middle East,,A,3,https://bulletins.psu.edu/undergraduate/colleges/liberal-arts/middle-east-studies-ba/
Middle East Studies B.A.,PLSC 267N,Government and Politics of the Middle East,,A,3,https://bulletins.psu.edu/undergraduate/colleges/liberal-arts/middle-east-studies-ba/
Middle East Studies B.A.,PLSC 467,International Relations of the Middle East,,A,3,https://bulletins.psu.edu/undergraduate/colleges/liberal-arts/middle-east-studies-ba/
Middle East Studies B.A.,RLST 107,Introduction to Islam,,A,3,https://bulletins.psu.edu/undergraduate/colleges/liberal-arts/middle-east-studies-ba/
