Major,Course_Code,Course_Title,Credits,Type,Credits_Required,URL
Sociology B.S.,MATH 140,Calculus With Analytic Geometry I,N/A,Mandatory,N/A,https://bulletins.psu.edu/undergraduate/colleges/liberal-arts/sociology-bs/
Sociology B.S.,SOC 1,Introductory Sociology,3,Mandatory,N/A,https://bulletins.psu.edu/undergraduate/colleges/liberal-arts/sociology-bs/
Sociology B.S.,SOC 470,Intermediate Social Statistics,4,Mandatory,N/A,https://bulletins.psu.edu/undergraduate/colleges/liberal-arts/sociology-bs/
Sociology B.S.,STAT 200,Elementary Statistics  1,4,Mandatory,N/A,https://bulletins.psu.edu/undergraduate/colleges/liberal-arts/sociology-bs/
Sociology B.S.,SOC 400W,Senior Research Seminar 1,3,Mandatory,N/A,https://bulletins.psu.edu/undergraduate/colleges/liberal-arts/sociology-bs/
Sociology B.S.,MATH 110,Techniques of Calculus I,4,Mandatory,N/A,https://bulletins.psu.edu/undergraduate/colleges/liberal-arts/sociology-bs/
Sociology B.S.,SOC 207,Research Methods in Sociology 1,3,Mandatory,N/A,https://bulletins.psu.edu/undergraduate/colleges/liberal-arts/sociology-bs/
Sociology B.S.,STAT 184,Introduction to R,2,Mandatory,N/A,https://bulletins.psu.edu/undergraduate/colleges/liberal-arts/sociology-bs/
Sociology B.S.,SOC 405,Sociological Theory 1,3,Mandatory,N/A,https://bulletins.psu.edu/undergraduate/colleges/liberal-arts/sociology-bs/
Sociology B.S.,CMPSC 101,"Introduction to Programming  (Students should take 101 version based in Python, not C++)",,A,3,https://bulletins.psu.edu/undergraduate/colleges/liberal-arts/sociology-bs/
Sociology B.S.,CMPSC 121,Introduction to Programming Techniques,,A,3,https://bulletins.psu.edu/undergraduate/colleges/liberal-arts/sociology-bs/
Sociology B.S.,CMPSC 131,Programming and Computation I: Fundamentals,,A,3,https://bulletins.psu.edu/undergraduate/colleges/liberal-arts/sociology-bs/
Sociology B.S.,CMPSC 203,Introduction to Spreadsheets and Databases,,C,15,https://bulletins.psu.edu/undergraduate/colleges/liberal-arts/sociology-bs/
Sociology B.S.,DS 220,Data Management for Data Sciences,,C,15,https://bulletins.psu.edu/undergraduate/colleges/liberal-arts/sociology-bs/
Sociology B.S.,DS 310,Machine Learning for Data Analytics,,C,15,https://bulletins.psu.edu/undergraduate/colleges/liberal-arts/sociology-bs/
Sociology B.S.,DS 330,Visual Analytics for Data Sciences,,C,15,https://bulletins.psu.edu/undergraduate/colleges/liberal-arts/sociology-bs/
Sociology B.S.,DS 402,Emerging Trends in the Data Sciences,,C,15,https://bulletins.psu.edu/undergraduate/colleges/liberal-arts/sociology-bs/
Sociology B.S.,DS 410,Programming Models for Big Data,,C,15,https://bulletins.psu.edu/undergraduate/colleges/liberal-arts/sociology-bs/
Sociology B.S.,DS 420,Network Analytics,,C,15,https://bulletins.psu.edu/undergraduate/colleges/liberal-arts/sociology-bs/
Sociology B.S.,MATH 220,Matrices,,C,15,https://bulletins.psu.edu/undergraduate/colleges/liberal-arts/sociology-bs/
Sociology B.S.,MATH 441,Matrix Algebra,,C,15,https://bulletins.psu.edu/undergraduate/colleges/liberal-arts/sociology-bs/
Sociology B.S.,STAT 380,Data Science Through Statistical Reasoning and Computation,,C,15,https://bulletins.psu.edu/undergraduate/colleges/liberal-arts/sociology-bs/
Sociology B.S.,STAT 460,Intermediate Applied Statistics,,C,15,https://bulletins.psu.edu/undergraduate/colleges/liberal-arts/sociology-bs/
Sociology B.S.,STAT 461,Analysis of Variance,,C,15,https://bulletins.psu.edu/undergraduate/colleges/liberal-arts/sociology-bs/
Sociology B.S.,STAT 462,Applied Regression Analysis,,C,15,https://bulletins.psu.edu/undergraduate/colleges/liberal-arts/sociology-bs/
Sociology B.S.,STAT 463,Applied Time Series Analysis,,C,15,https://bulletins.psu.edu/undergraduate/colleges/liberal-arts/sociology-bs/
Sociology B.S.,STAT 464,Applied Nonparametric Statistics,,C,15,https://bulletins.psu.edu/undergraduate/colleges/liberal-arts/sociology-bs/
Sociology B.S.,STAT 466,Survey Sampling,,C,15,https://bulletins.psu.edu/undergraduate/colleges/liberal-arts/sociology-bs/
Sociology B.S.,GEOG 260,Geographic Information in a Changing World: Introduction to GIScience,,C,15,https://bulletins.psu.edu/undergraduate/colleges/liberal-arts/sociology-bs/
Sociology B.S.,GEOG 363,Geographic Information Systems,,D,12,https://bulletins.psu.edu/undergraduate/colleges/liberal-arts/sociology-bs/
Sociology B.S.,GEOG 364,Spatial Analysis,,D,12,https://bulletins.psu.edu/undergraduate/colleges/liberal-arts/sociology-bs/
Sociology B.S.,GEOG 365,Intermediate GIS Programming,,D,12,https://bulletins.psu.edu/undergraduate/colleges/liberal-arts/sociology-bs/
Sociology B.S.,GEOG 463,Geospatial Information Management,,D,12,https://bulletins.psu.edu/undergraduate/colleges/liberal-arts/sociology-bs/
Sociology B.S.,GEOG 464,Advanced Spatial Analysis,,D,12,https://bulletins.psu.edu/undergraduate/colleges/liberal-arts/sociology-bs/
Sociology B.S.,GEOG 465,Advanced Geographic Information Systems Modeling,,D,12,https://bulletins.psu.edu/undergraduate/colleges/liberal-arts/sociology-bs/
Sociology B.S.,GEOG 483,Problem-Solving with GIS,,D,12,https://bulletins.psu.edu/undergraduate/colleges/liberal-arts/sociology-bs/
Sociology B.S.,GEOG 484,GIS Database Development,,D,12,https://bulletins.psu.edu/undergraduate/colleges/liberal-arts/sociology-bs/
Sociology B.S.,GEOG 485,GIS Programming and Software Development,,D,12,https://bulletins.psu.edu/undergraduate/colleges/liberal-arts/sociology-bs/
Sociology B.S.,GEOG 489,Advanced Python Programming for GIS,,D,12,https://bulletins.psu.edu/undergraduate/colleges/liberal-arts/sociology-bs/
Sociology B.S.,SOC 23,Population and Policy Issues,,D,12,https://bulletins.psu.edu/undergraduate/colleges/liberal-arts/sociology-bs/
Sociology B.S.,GEOG 126,Economic Geography,,E,12,https://bulletins.psu.edu/undergraduate/colleges/liberal-arts/sociology-bs/
Sociology B.S.,GEOG 220,Perspectives on Human Geography,,E,12,https://bulletins.psu.edu/undergraduate/colleges/liberal-arts/sociology-bs/
Sociology B.S.,GEOG 421,Population Geography,,E,12,https://bulletins.psu.edu/undergraduate/colleges/liberal-arts/sociology-bs/
Sociology B.S.,GEOG 422W,,,E,12,https://bulletins.psu.edu/undergraduate/colleges/liberal-arts/sociology-bs/
Sociology B.S.,GEOG 425,"Geography of Race, Class, and Poverty in America",,E,12,https://bulletins.psu.edu/undergraduate/colleges/liberal-arts/sociology-bs/
Sociology B.S.,SOC 408,Urban Ecology,,E,12,https://bulletins.psu.edu/undergraduate/colleges/liberal-arts/sociology-bs/
Sociology B.S.,SOC 411,Racial and Ethnic Diversity and the American Family,,E,12,https://bulletins.psu.edu/undergraduate/colleges/liberal-arts/sociology-bs/
Sociology B.S.,SOC 422,World Population Diversity,,E,12,https://bulletins.psu.edu/undergraduate/colleges/liberal-arts/sociology-bs/
Sociology B.S.,SOC 423,Social Demography,,E,12,https://bulletins.psu.edu/undergraduate/colleges/liberal-arts/sociology-bs/
Sociology B.S.,SOC 452,,,E,12,https://bulletins.psu.edu/undergraduate/colleges/liberal-arts/sociology-bs/
Sociology B.S.,SOC 459,Communities and Crime,,E,12,https://bulletins.psu.edu/undergraduate/colleges/liberal-arts/sociology-bs/
Sociology B.S.,PLSC 1,"American Politics: Principles, Processes and Powers",,E,12,https://bulletins.psu.edu/undergraduate/colleges/liberal-arts/sociology-bs/
Sociology B.S.,PLSC 309,Quantitative Political Analysis,,E,12,https://bulletins.psu.edu/undergraduate/colleges/liberal-arts/sociology-bs/
Sociology B.S.,PLSC 404,Analyzing Public Policy in the American States,,F,9,https://bulletins.psu.edu/undergraduate/colleges/liberal-arts/sociology-bs/
Sociology B.S.,PLSC 410,Strategy and Politics,,F,9,https://bulletins.psu.edu/undergraduate/colleges/liberal-arts/sociology-bs/
Sociology B.S.,PLSC 429,Analysis of Electoral Politics,,F,9,https://bulletins.psu.edu/undergraduate/colleges/liberal-arts/sociology-bs/
Sociology B.S.,PLSC 447,Analysis of Public Opinion and Political Attitudes,,F,9,https://bulletins.psu.edu/undergraduate/colleges/liberal-arts/sociology-bs/
Sociology B.S.,PLSC 476,Empirical Legal Studies,,F,9,https://bulletins.psu.edu/undergraduate/colleges/liberal-arts/sociology-bs/
Sociology B.S.,SOC 180N,"State, Society, and Public Policy",,F,9,https://bulletins.psu.edu/undergraduate/colleges/liberal-arts/sociology-bs/
Sociology B.S.,SOC 419,Race and Public Policy,,F,9,https://bulletins.psu.edu/undergraduate/colleges/liberal-arts/sociology-bs/
Sociology B.S.,SOC 432,Social Movements,,F,9,https://bulletins.psu.edu/undergraduate/colleges/liberal-arts/sociology-bs/
Sociology B.S.,SOC 446,Political Sociology,,F,9,https://bulletins.psu.edu/undergraduate/colleges/liberal-arts/sociology-bs/
Sociology B.S.,SOC 451,"Health, Disease & Society",,F,9,https://bulletins.psu.edu/undergraduate/colleges/liberal-arts/sociology-bs/
Sociology B.S.,SOC 35,Sociology of Aging,,G,12,https://bulletins.psu.edu/undergraduate/colleges/liberal-arts/sociology-bs/
Sociology B.S.,SOC 150N,"Healthy People, Healthy Society",,G,12,https://bulletins.psu.edu/undergraduate/colleges/liberal-arts/sociology-bs/
Sociology B.S.,SOC 162N,Communicating Care,,G,12,https://bulletins.psu.edu/undergraduate/colleges/liberal-arts/sociology-bs/
Sociology B.S.,SOC 309,Sociology of Health,,G,12,https://bulletins.psu.edu/undergraduate/colleges/liberal-arts/sociology-bs/
Sociology B.S.,SOC 428,Homelessness in America,,G,12,https://bulletins.psu.edu/undergraduate/colleges/liberal-arts/sociology-bs/
Sociology B.S.,SOC 435,Perspectives on Aging,,G,12,https://bulletins.psu.edu/undergraduate/colleges/liberal-arts/sociology-bs/
Sociology B.S.,SOC 450,Justice and the Environment,,G,12,https://bulletins.psu.edu/undergraduate/colleges/liberal-arts/sociology-bs/
Sociology B.S.,SOC 466,Solving Community Problems,,G,12,https://bulletins.psu.edu/undergraduate/colleges/liberal-arts/sociology-bs/
