Major,Course_Code,Course_Title,Credits,Type,Credits_Required,URL
Special Education B.S.,PSYCH 212,Introduction to Developmental Psychology,3,Mandatory,N/A,https://bulletins.psu.edu/undergraduate/colleges/education/special-education-bs/
Special Education B.S.,SPLED 418,Technologies for Persons with Disabilities,3,Mandatory,N/A,https://bulletins.psu.edu/undergraduate/colleges/education/special-education-bs/
Special Education B.S.,SPLED 415,Early Special Education,3,Mandatory,N/A,https://bulletins.psu.edu/undergraduate/colleges/education/special-education-bs/
Special Education B.S.,EDPSY 14,Learning and Instruction,3,Mandatory,N/A,https://bulletins.psu.edu/undergraduate/colleges/education/special-education-bs/
Special Education B.S.,SPLED 395W,Observing Special Education Settings Spanning Across School Transitions,3,Mandatory,N/A,https://bulletins.psu.edu/undergraduate/colleges/education/special-education-bs/
Special Education B.S.,SPLED 495D,Professional Development for Special Education Teacher Candidates,3,Mandatory,N/A,https://bulletins.psu.edu/undergraduate/colleges/education/special-education-bs/
Special Education B.S.,SPLED 409C,Mathematics Instruction for Students with Special Needs,3,Mandatory,N/A,https://bulletins.psu.edu/undergraduate/colleges/education/special-education-bs/
Special Education B.S.,SPLED 454,Assessment for Instruction,3,Mandatory,N/A,https://bulletins.psu.edu/undergraduate/colleges/education/special-education-bs/
Special Education B.S.,SPLED 401,Motivating Exceptional Learners,4,Mandatory,N/A,https://bulletins.psu.edu/undergraduate/colleges/education/special-education-bs/
Special Education B.S.,SPLED 409B,Writing and Content Literacy for Students with Special Needs,3,Mandatory,N/A,https://bulletins.psu.edu/undergraduate/colleges/education/special-education-bs/
Special Education B.S.,EDTHP 115,Education in American Society,3,Mandatory,N/A,https://bulletins.psu.edu/undergraduate/colleges/education/special-education-bs/
Special Education B.S.,SPLED 495E,Experience with Exceptional Children,3,Mandatory,N/A,https://bulletins.psu.edu/undergraduate/colleges/education/special-education-bs/
Special Education B.S.,EDPSY 101,Analysis and Interpretation of Statistical Data in Education,3,Mandatory,N/A,https://bulletins.psu.edu/undergraduate/colleges/education/special-education-bs/
Special Education B.S.,EDPSY 10,Individual Differences and Education,3,Mandatory,N/A,https://bulletins.psu.edu/undergraduate/colleges/education/special-education-bs/
Special Education B.S.,MATH 200,Problem Solving in Mathematics,3,Mandatory,N/A,https://bulletins.psu.edu/undergraduate/colleges/education/special-education-bs/
Special Education B.S.,EDPSY 11,Educational Implications of Individual Differences in Childhood,N/A,Mandatory,N/A,https://bulletins.psu.edu/undergraduate/colleges/education/special-education-bs/
Special Education B.S.,SPLED 411,Intervention for Students with Severe Disabilities,3,Mandatory,N/A,https://bulletins.psu.edu/undergraduate/colleges/education/special-education-bs/
Special Education B.S.,SPLED 495F,Practicum in Special Education,12,Mandatory,N/A,https://bulletins.psu.edu/undergraduate/colleges/education/special-education-bs/
Special Education B.S.,SPLED 410,Culturally Responsive Pedagogy in Special Education,3,Mandatory,N/A,https://bulletins.psu.edu/undergraduate/colleges/education/special-education-bs/
Special Education B.S.,SPLED 412,Instruction for Students with Mild Disabilities,3,Mandatory,N/A,https://bulletins.psu.edu/undergraduate/colleges/education/special-education-bs/
Special Education B.S.,PSYCH 100,Introductory Psychology,3,Mandatory,N/A,https://bulletins.psu.edu/undergraduate/colleges/education/special-education-bs/
Special Education B.S.,SPLED 495G,Experience with an Integrated Inclusion Classroom,4,Mandatory,N/A,https://bulletins.psu.edu/undergraduate/colleges/education/special-education-bs/
Special Education B.S.,SPLED 409A,Fundamental Literacy Skills for Students with Special Needs,3,Mandatory,N/A,https://bulletins.psu.edu/undergraduate/colleges/education/special-education-bs/
Special Education B.S.,SPLED 425,"Foundations of Special Education, Etiologies, Law, and Implications for    Practice",3,Mandatory,N/A,https://bulletins.psu.edu/undergraduate/colleges/education/special-education-bs/
Special Education B.S.,SPLED 404,Working with Families and Professionals in Special Education,3,Mandatory,N/A,https://bulletins.psu.edu/undergraduate/colleges/education/special-education-bs/
Special Education B.S.,CI 280,Introduction to Teaching English Language Learners,3,Mandatory,N/A,https://bulletins.psu.edu/undergraduate/colleges/education/special-education-bs/
Special Education B.S.,CSD 218,American Sign Language I,,A,3,https://bulletins.psu.edu/undergraduate/colleges/education/special-education-bs/
Special Education B.S.,RHS 402,Children and Families in Rehabilitation Settings and Human Services,,A,3,https://bulletins.psu.edu/undergraduate/colleges/education/special-education-bs/
Special Education B.S.,RHS 403,Medical Aspects of Disability,,A,3,https://bulletins.psu.edu/undergraduate/colleges/education/special-education-bs/
Special Education B.S.,RHS 404,Rehabilitation Services for Transition Age Youth with Disabilities: Theory and Practice,,A,3,https://bulletins.psu.edu/undergraduate/colleges/education/special-education-bs/
Special Education B.S.,RHS/LHR 410,Employment Strategies for People with Disabilities,,A,3,https://bulletins.psu.edu/undergraduate/colleges/education/special-education-bs/
Special Education B.S.,RHS 433,Trauma-informed care for school & human service professionals,,A,3,https://bulletins.psu.edu/undergraduate/colleges/education/special-education-bs/
Special Education B.S.,SPLED 461,Introduction to Autism Spectrum Disorders: Issues and Concerns,,A,3,https://bulletins.psu.edu/undergraduate/colleges/education/special-education-bs/
Special Education B.S.,SPLED 462,Autism and Applied Behavior Analysis,,A,3,https://bulletins.psu.edu/undergraduate/colleges/education/special-education-bs/
Special Education B.S.,AFAM 147,The Life and Thought of Malcolm X,,B,3,https://bulletins.psu.edu/undergraduate/colleges/education/special-education-bs/
Special Education B.S.,CAMS 1,Greek and Roman Literature,,B,3,https://bulletins.psu.edu/undergraduate/colleges/education/special-education-bs/
Special Education B.S.,CAMS 45,Classical Mythology,,B,3,https://bulletins.psu.edu/undergraduate/colleges/education/special-education-bs/
Special Education B.S.,CMLIT 1,Introduction to Western Literatures Through the Renaissance,,B,3,https://bulletins.psu.edu/undergraduate/colleges/education/special-education-bs/
Special Education B.S.,CMLIT 3,Introduction to African Literatures,,B,3,https://bulletins.psu.edu/undergraduate/colleges/education/special-education-bs/
Special Education B.S.,CMLIT 4,Introduction to Asian Literatures,,B,3,https://bulletins.psu.edu/undergraduate/colleges/education/special-education-bs/
Special Education B.S.,CMLIT 5,Introduction to Literatures of the Americas,,B,3,https://bulletins.psu.edu/undergraduate/colleges/education/special-education-bs/
Special Education B.S.,CMLIT 6,Literature and Philosophy,,B,3,https://bulletins.psu.edu/undergraduate/colleges/education/special-education-bs/
Special Education B.S.,CMLIT 10,World Literatures,,B,3,https://bulletins.psu.edu/undergraduate/colleges/education/special-education-bs/
Special Education B.S.,CMLIT 100,Reading Across Cultures,,B,3,https://bulletins.psu.edu/undergraduate/colleges/education/special-education-bs/
Special Education B.S.,CMLIT 101,"Race, Gender, and Identity in World Literature",,B,3,https://bulletins.psu.edu/undergraduate/colleges/education/special-education-bs/
Special Education B.S.,CMLIT 105,The Development of Literary Humor,,B,3,https://bulletins.psu.edu/undergraduate/colleges/education/special-education-bs/
Special Education B.S.,CMLIT 106,The Arthurian Legend,,B,3,https://bulletins.psu.edu/undergraduate/colleges/education/special-education-bs/
Special Education B.S.,CMLIT 107,"Exploration, Travel, Migration, and Exile",,B,3,https://bulletins.psu.edu/undergraduate/colleges/education/special-education-bs/
Special Education B.S.,CMLIT 108,Myths and Mythologies,,B,3,https://bulletins.psu.edu/undergraduate/colleges/education/special-education-bs/
Special Education B.S.,CMLIT 109,"Native American Myths, Legends, and Literatures",,B,3,https://bulletins.psu.edu/undergraduate/colleges/education/special-education-bs/
Special Education B.S.,CMLIT 110,Jewish Literature: An International Perspective,,B,3,https://bulletins.psu.edu/undergraduate/colleges/education/special-education-bs/
Special Education B.S.,CMLIT 112N,"Introduction to Global Drama, Theatre, and Performance",,B,3,https://bulletins.psu.edu/undergraduate/colleges/education/special-education-bs/
Special Education B.S.,CMLIT 120,Literature of the Occult,,B,3,https://bulletins.psu.edu/undergraduate/colleges/education/special-education-bs/
Special Education B.S.,CMLIT 122,Global Science Fictions,,B,3,https://bulletins.psu.edu/undergraduate/colleges/education/special-education-bs/
Special Education B.S.,CMLIT 130,Banned Books: International and Comparative Perspectives,,B,3,https://bulletins.psu.edu/undergraduate/colleges/education/special-education-bs/
Special Education B.S.,CMLIT 131,Crime and Detection in World Literature,,B,3,https://bulletins.psu.edu/undergraduate/colleges/education/special-education-bs/
Special Education B.S.,CMLIT 132,Nobel Prize Literature,,B,3,https://bulletins.psu.edu/undergraduate/colleges/education/special-education-bs/
Special Education B.S.,CMLIT 143,Human Rights and World Literature,,B,3,https://bulletins.psu.edu/undergraduate/colleges/education/special-education-bs/
Special Education B.S.,CMLIT 153,International Cultures: Film and Literature,,B,3,https://bulletins.psu.edu/undergraduate/colleges/education/special-education-bs/
Special Education B.S.,CMLIT 184,The Short Story,,B,3,https://bulletins.psu.edu/undergraduate/colleges/education/special-education-bs/
Special Education B.S.,ENGL 2,The Great Traditions in English Literature,,B,3,https://bulletins.psu.edu/undergraduate/colleges/education/special-education-bs/
Special Education B.S.,ENGL 101,Introduction to Literature,,B,3,https://bulletins.psu.edu/undergraduate/colleges/education/special-education-bs/
Special Education B.S.,ENGL 103,The Great Traditions in American Literature,,B,3,https://bulletins.psu.edu/undergraduate/colleges/education/special-education-bs/
Special Education B.S.,ENGL 104,The Bible as Literature,,B,3,https://bulletins.psu.edu/undergraduate/colleges/education/special-education-bs/
Special Education B.S.,ENGL 129,Shakespeare,,B,3,https://bulletins.psu.edu/undergraduate/colleges/education/special-education-bs/
Special Education B.S.,ENGL 130,Reading Popular Texts,,B,3,https://bulletins.psu.edu/undergraduate/colleges/education/special-education-bs/
Special Education B.S.,ENGL 133,Modern American Literature to World War II,,B,3,https://bulletins.psu.edu/undergraduate/colleges/education/special-education-bs/
Special Education B.S.,ENGL 134,American Comedy,,B,3,https://bulletins.psu.edu/undergraduate/colleges/education/special-education-bs/
Special Education B.S.,ENGL 135,Alternative Voices in American Literature,,B,3,https://bulletins.psu.edu/undergraduate/colleges/education/special-education-bs/
Special Education B.S.,ENGL 136,The Graphic Novel,,B,3,https://bulletins.psu.edu/undergraduate/colleges/education/special-education-bs/
Special Education B.S.,ENGL 140,Contemporary Literature,,B,3,https://bulletins.psu.edu/undergraduate/colleges/education/special-education-bs/
Special Education B.S.,ENGL 145,Modern Irish Literature,,B,3,https://bulletins.psu.edu/undergraduate/colleges/education/special-education-bs/
Special Education B.S.,ENGL 170N,Introduction to American Folklore,,B,3,https://bulletins.psu.edu/undergraduate/colleges/education/special-education-bs/
Special Education B.S.,ENGL 180,Literature and the Natural World,,B,3,https://bulletins.psu.edu/undergraduate/colleges/education/special-education-bs/
Special Education B.S.,ENGL 181C,The Beach: Exploring the Literature of the Atlantic Shore,,B,3,https://bulletins.psu.edu/undergraduate/colleges/education/special-education-bs/
Special Education B.S.,ENGL 182,Literature and Empire,,B,3,https://bulletins.psu.edu/undergraduate/colleges/education/special-education-bs/
Special Education B.S.,ENGL 184,The Short Story,,B,3,https://bulletins.psu.edu/undergraduate/colleges/education/special-education-bs/
Special Education B.S.,ENGL 191,Science Fiction,,B,3,https://bulletins.psu.edu/undergraduate/colleges/education/special-education-bs/
Special Education B.S.,ENGL 192,The Literature of Fantasy,,B,3,https://bulletins.psu.edu/undergraduate/colleges/education/special-education-bs/
Special Education B.S.,ENGL 194,Women Writers,,B,3,https://bulletins.psu.edu/undergraduate/colleges/education/special-education-bs/
Special Education B.S.,ENGL 200,Introduction to Critical Reading,,B,3,https://bulletins.psu.edu/undergraduate/colleges/education/special-education-bs/
Special Education B.S.,ENGL 201,What is Literature,,B,3,https://bulletins.psu.edu/undergraduate/colleges/education/special-education-bs/
Special Education B.S.,ENGL 205,Children's Literature,,B,3,https://bulletins.psu.edu/undergraduate/colleges/education/special-education-bs/
Special Education B.S.,ENGL 221,British Literature to 1798,,B,3,https://bulletins.psu.edu/undergraduate/colleges/education/special-education-bs/
Special Education B.S.,ENGL 222,British Literature from 1798,,B,3,https://bulletins.psu.edu/undergraduate/colleges/education/special-education-bs/
Special Education B.S.,ENGL 224N,Authors and Artists,,B,3,https://bulletins.psu.edu/undergraduate/colleges/education/special-education-bs/
Special Education B.S.,ENGL 226,Latina  and Latino Border Theories,,B,3,https://bulletins.psu.edu/undergraduate/colleges/education/special-education-bs/
Special Education B.S.,ENGL 228,Introduction to Disability Studies in the Humanities,,B,3,https://bulletins.psu.edu/undergraduate/colleges/education/special-education-bs/
Special Education B.S.,ENGL 231,American Literature to 1865,,B,3,https://bulletins.psu.edu/undergraduate/colleges/education/special-education-bs/
Special Education B.S.,ENGL 232,American Literature from 1865,,B,3,https://bulletins.psu.edu/undergraduate/colleges/education/special-education-bs/
Special Education B.S.,ENGL 233N,Chemistry and Literature,,B,3,https://bulletins.psu.edu/undergraduate/colleges/education/special-education-bs/
Special Education B.S.,ENGL 240,Exploring Literary Traditions,,B,3,https://bulletins.psu.edu/undergraduate/colleges/education/special-education-bs/
Special Education B.S.,ENGL 262,Reading Fiction,,B,3,https://bulletins.psu.edu/undergraduate/colleges/education/special-education-bs/
Special Education B.S.,ENGL 265,Reading Nonfiction,,B,3,https://bulletins.psu.edu/undergraduate/colleges/education/special-education-bs/
Special Education B.S.,ENGL 268,Reading Drama,,B,3,https://bulletins.psu.edu/undergraduate/colleges/education/special-education-bs/
Special Education B.S.,LLED 215N,Children's Picture Books as Multimodal Texts,,B,3,https://bulletins.psu.edu/undergraduate/colleges/education/special-education-bs/
Special Education B.S.,WMNST 106N,"Representing Women and Gender in Literature, Art and Popular Cultures",,B,3,https://bulletins.psu.edu/undergraduate/colleges/education/special-education-bs/
