Major,Course_Code,Course_Title,Credits,Type,Credits_Required,URL
Veterinary and Biomedical Sciences B.S.,ANSC 301,Principles of Animal Nutrition,3,Mandatory,N/A,https://bulletins.psu.edu/undergraduate/colleges/agricultural-sciences/veterinary-biomedical-sciences-bs/
Veterinary and Biomedical Sciences B.S.,ANSC 423,Comparative Physiology of Domestic Animals,3,Mandatory,N/A,https://bulletins.psu.edu/undergraduate/colleges/agricultural-sciences/veterinary-biomedical-sciences-bs/
Veterinary and Biomedical Sciences B.S.,VBSC 211,The Immune System and Disease,3,Mandatory,N/A,https://bulletins.psu.edu/undergraduate/colleges/agricultural-sciences/veterinary-biomedical-sciences-bs/
Veterinary and Biomedical Sciences B.S.,BIOL 110,Biology:  Basic Concepts and Biodiversity,4,Mandatory,N/A,https://bulletins.psu.edu/undergraduate/colleges/agricultural-sciences/veterinary-biomedical-sciences-bs/
Veterinary and Biomedical Sciences B.S.,MICRB 201,Introductory Microbiology,3,Mandatory,N/A,https://bulletins.psu.edu/undergraduate/colleges/agricultural-sciences/veterinary-biomedical-sciences-bs/
Veterinary and Biomedical Sciences B.S.,CHEM 113,Experimental Chemistry II,1,Mandatory,N/A,https://bulletins.psu.edu/undergraduate/colleges/agricultural-sciences/veterinary-biomedical-sciences-bs/
Veterinary and Biomedical Sciences B.S.,PHYS 250,Introductory Physics I,4,Mandatory,N/A,https://bulletins.psu.edu/undergraduate/colleges/agricultural-sciences/veterinary-biomedical-sciences-bs/
Veterinary and Biomedical Sciences B.S.,MATH 140B,Calculus and Biology I,N/A,Mandatory,N/A,https://bulletins.psu.edu/undergraduate/colleges/agricultural-sciences/veterinary-biomedical-sciences-bs/
Veterinary and Biomedical Sciences B.S.,ANSC 201,Animal Science,4,Mandatory,N/A,https://bulletins.psu.edu/undergraduate/colleges/agricultural-sciences/veterinary-biomedical-sciences-bs/
Veterinary and Biomedical Sciences B.S.,CHEM 110,Chemical Principles I,3,Mandatory,N/A,https://bulletins.psu.edu/undergraduate/colleges/agricultural-sciences/veterinary-biomedical-sciences-bs/
Veterinary and Biomedical Sciences B.S.,PHYS 251,Introductory Physics II,4,Mandatory,N/A,https://bulletins.psu.edu/undergraduate/colleges/agricultural-sciences/veterinary-biomedical-sciences-bs/
Veterinary and Biomedical Sciences B.S.,BIOL 322,Genetic Analysis,N/A,Mandatory,N/A,https://bulletins.psu.edu/undergraduate/colleges/agricultural-sciences/veterinary-biomedical-sciences-bs/
Veterinary and Biomedical Sciences B.S.,BIOL 222,Genetics,3,Mandatory,N/A,https://bulletins.psu.edu/undergraduate/colleges/agricultural-sciences/veterinary-biomedical-sciences-bs/
Veterinary and Biomedical Sciences B.S.,STAT 250,Introduction to Biostatistics,N/A,Mandatory,N/A,https://bulletins.psu.edu/undergraduate/colleges/agricultural-sciences/veterinary-biomedical-sciences-bs/
Veterinary and Biomedical Sciences B.S.,VBSC/BIOL 421,Comparative Anatomy of Vertebrates,4,Mandatory,N/A,https://bulletins.psu.edu/undergraduate/colleges/agricultural-sciences/veterinary-biomedical-sciences-bs/
Veterinary and Biomedical Sciences B.S.,MICRB 201H,Introductory Microbiology,N/A,Mandatory,N/A,https://bulletins.psu.edu/undergraduate/colleges/agricultural-sciences/veterinary-biomedical-sciences-bs/
Veterinary and Biomedical Sciences B.S.,CHEM 112,Chemical Principles II,3,Mandatory,N/A,https://bulletins.psu.edu/undergraduate/colleges/agricultural-sciences/veterinary-biomedical-sciences-bs/
Veterinary and Biomedical Sciences B.S.,MATH 140,Calculus With Analytic Geometry I,4,Mandatory,N/A,https://bulletins.psu.edu/undergraduate/colleges/agricultural-sciences/veterinary-biomedical-sciences-bs/
Veterinary and Biomedical Sciences B.S.,BIOL 110H,Honors Biology: Basic Concepts and Biodiversity,N/A,Mandatory,N/A,https://bulletins.psu.edu/undergraduate/colleges/agricultural-sciences/veterinary-biomedical-sciences-bs/
Veterinary and Biomedical Sciences B.S.,CHEM 111,Experimental Chemistry I,1,Mandatory,N/A,https://bulletins.psu.edu/undergraduate/colleges/agricultural-sciences/veterinary-biomedical-sciences-bs/
Veterinary and Biomedical Sciences B.S.,VBSC 403H,Principles of Animal Disease Control,N/A,Mandatory,N/A,https://bulletins.psu.edu/undergraduate/colleges/agricultural-sciences/veterinary-biomedical-sciences-bs/
Veterinary and Biomedical Sciences B.S.,STAT 200,Elementary Statistics,3-4,Mandatory,N/A,https://bulletins.psu.edu/undergraduate/colleges/agricultural-sciences/veterinary-biomedical-sciences-bs/
Veterinary and Biomedical Sciences B.S.,MICRB 202,Introductory Microbiology Laboratory,2,Mandatory,N/A,https://bulletins.psu.edu/undergraduate/colleges/agricultural-sciences/veterinary-biomedical-sciences-bs/
Veterinary and Biomedical Sciences B.S.,BIOL 472,Human Physiology,N/A,Mandatory,N/A,https://bulletins.psu.edu/undergraduate/colleges/agricultural-sciences/veterinary-biomedical-sciences-bs/
Veterinary and Biomedical Sciences B.S.,MATH 141,Calculus with Analytic Geometry II,4,Mandatory,N/A,https://bulletins.psu.edu/undergraduate/colleges/agricultural-sciences/veterinary-biomedical-sciences-bs/
Veterinary and Biomedical Sciences B.S.,MATH 141B,Calculus and Biology II,N/A,Mandatory,N/A,https://bulletins.psu.edu/undergraduate/colleges/agricultural-sciences/veterinary-biomedical-sciences-bs/
Veterinary and Biomedical Sciences B.S.,VBSC 403,Principles of Animal Disease Control,3,Mandatory,N/A,https://bulletins.psu.edu/undergraduate/colleges/agricultural-sciences/veterinary-biomedical-sciences-bs/
Veterinary and Biomedical Sciences B.S.,AGBM 101,Economic Principles of Agribusiness Decision Making,,A,3,https://bulletins.psu.edu/undergraduate/colleges/agricultural-sciences/veterinary-biomedical-sciences-bs/
Veterinary and Biomedical Sciences B.S.,BA 100,Introduction to Business,,A,3,https://bulletins.psu.edu/undergraduate/colleges/agricultural-sciences/veterinary-biomedical-sciences-bs/
Veterinary and Biomedical Sciences B.S.,ECON 14,Principles of Economics,,A,3,https://bulletins.psu.edu/undergraduate/colleges/agricultural-sciences/veterinary-biomedical-sciences-bs/
Veterinary and Biomedical Sciences B.S.,ECON 102,Introductory Microeconomic Analysis and Policy,,A,3,https://bulletins.psu.edu/undergraduate/colleges/agricultural-sciences/veterinary-biomedical-sciences-bs/
Veterinary and Biomedical Sciences B.S.,ECON 104,Introductory Macroeconomic Analysis and Policy,,A,3,https://bulletins.psu.edu/undergraduate/colleges/agricultural-sciences/veterinary-biomedical-sciences-bs/
Veterinary and Biomedical Sciences B.S.,BIOL 220W,Biology:  Populations and Communities,,B,3,https://bulletins.psu.edu/undergraduate/colleges/agricultural-sciences/veterinary-biomedical-sciences-bs/
Veterinary and Biomedical Sciences B.S.,BIOL 230W,Biology:  Molecules and Cells,,B,3,https://bulletins.psu.edu/undergraduate/colleges/agricultural-sciences/veterinary-biomedical-sciences-bs/
Veterinary and Biomedical Sciences B.S.,BIOL 240W,Biology:  Function and Development of Organisms,,B,3,https://bulletins.psu.edu/undergraduate/colleges/agricultural-sciences/veterinary-biomedical-sciences-bs/
Veterinary and Biomedical Sciences B.S.,BMB 251,Molecular and Cell Biology I,,B,3,https://bulletins.psu.edu/undergraduate/colleges/agricultural-sciences/veterinary-biomedical-sciences-bs/
Veterinary and Biomedical Sciences B.S.,CHEM 202,Fundamentals of Organic Chemistry Iand Fundamentals of Organic Chemistry II,,C,6,https://bulletins.psu.edu/undergraduate/colleges/agricultural-sciences/veterinary-biomedical-sciences-bs/
Veterinary and Biomedical Sciences B.S.,CHEM 203,Fundamentals of Organic Chemistry Iand Fundamentals of Organic Chemistry II,,C,6,https://bulletins.psu.edu/undergraduate/colleges/agricultural-sciences/veterinary-biomedical-sciences-bs/
Veterinary and Biomedical Sciences B.S.,CHEM 210,Organic Chemistry Iand Organic Chemistry IIand Laboratory in Organic Chemistry,,C,6,https://bulletins.psu.edu/undergraduate/colleges/agricultural-sciences/veterinary-biomedical-sciences-bs/
Veterinary and Biomedical Sciences B.S.,CHEM 212,Organic Chemistry Iand Organic Chemistry IIand Laboratory in Organic Chemistry,,C,6,https://bulletins.psu.edu/undergraduate/colleges/agricultural-sciences/veterinary-biomedical-sciences-bs/
Veterinary and Biomedical Sciences B.S.,CHEM 213,Organic Chemistry Iand Organic Chemistry IIand Laboratory in Organic Chemistry,,C,6,https://bulletins.psu.edu/undergraduate/colleges/agricultural-sciences/veterinary-biomedical-sciences-bs/
Veterinary and Biomedical Sciences B.S.,BMB 211,Elementary Biochemistryand Elementary Biochemistry Laboratoryand Applied Biochemistry,,D,6,https://bulletins.psu.edu/undergraduate/colleges/agricultural-sciences/veterinary-biomedical-sciences-bs/
Veterinary and Biomedical Sciences B.S.,BMB 212,Elementary Biochemistryand Elementary Biochemistry Laboratoryand Applied Biochemistry,,D,6,https://bulletins.psu.edu/undergraduate/colleges/agricultural-sciences/veterinary-biomedical-sciences-bs/
Veterinary and Biomedical Sciences B.S.,BMB 221,Elementary Biochemistryand Elementary Biochemistry Laboratoryand Applied Biochemistry,,D,6,https://bulletins.psu.edu/undergraduate/colleges/agricultural-sciences/veterinary-biomedical-sciences-bs/
Veterinary and Biomedical Sciences B.S.,BMB 401,General Biochemistryand General Biochemistry,,D,6,https://bulletins.psu.edu/undergraduate/colleges/agricultural-sciences/veterinary-biomedical-sciences-bs/
Veterinary and Biomedical Sciences B.S.,BMB 402,General Biochemistryand General Biochemistry,,D,6,https://bulletins.psu.edu/undergraduate/colleges/agricultural-sciences/veterinary-biomedical-sciences-bs/
