Minor,Total_Credits,Course_Code,Course_Title,Credits,Type,Program_Policies,URL
African American Studies Minor,18,AFAM 100N,Black Freedom Struggles,3,Mandatory,"A grade of C or better is required for all courses in the minor, as specified by Senate Policy 59-10. In addition, at least six credits of the minor must be unique from the prescribed courses required by a student's major(s).",https://bulletins.psu.edu/undergraduate/colleges/liberal-arts/african-american-studies-minor/
African American Studies Minor,18,AFAM/WMNST 101N,African American Women,3,Mandatory,"A grade of C or better is required for all courses in the minor, as specified by Senate Policy 59-10. In addition, at least six credits of the minor must be unique from the prescribed courses required by a student's major(s).",https://bulletins.psu.edu/undergraduate/colleges/liberal-arts/african-american-studies-minor/
African American Studies Minor,18,AFAM 110N,Introduction to African American Studies,3,Mandatory,"A grade of C or better is required for all courses in the minor, as specified by Senate Policy 59-10. In addition, at least six credits of the minor must be unique from the prescribed courses required by a student's major(s).",https://bulletins.psu.edu/undergraduate/colleges/liberal-arts/african-american-studies-minor/
African American Studies Minor,18,AFAM/WMNST 102,N/A,,Select 9 Credits,"A grade of C or better is required for all courses in the minor, as specified by Senate Policy 59-10. In addition, at least six credits of the minor must be unique from the prescribed courses required by a student's major(s).",https://bulletins.psu.edu/undergraduate/colleges/liberal-arts/african-american-studies-minor/
African American Studies Minor,18,AFAM/SOC/WMNST 103,N/A,,Select 9 Credits,"A grade of C or better is required for all courses in the minor, as specified by Senate Policy 59-10. In addition, at least six credits of the minor must be unique from the prescribed courses required by a student's major(s).",https://bulletins.psu.edu/undergraduate/colleges/liberal-arts/african-american-studies-minor/
African American Studies Minor,18,AFAM/INART 126N,N/A,,Select 9 Credits,"A grade of C or better is required for all courses in the minor, as specified by Senate Policy 59-10. In addition, at least six credits of the minor must be unique from the prescribed courses required by a student's major(s).",https://bulletins.psu.edu/undergraduate/colleges/liberal-arts/african-american-studies-minor/
African American Studies Minor,18,AFAM/RLST 145,N/A,,Select 9 Credits,"A grade of C or better is required for all courses in the minor, as specified by Senate Policy 59-10. In addition, at least six credits of the minor must be unique from the prescribed courses required by a student's major(s).",https://bulletins.psu.edu/undergraduate/colleges/liberal-arts/african-american-studies-minor/
African American Studies Minor,18,AFAM/RLST 146,N/A,,Select 9 Credits,"A grade of C or better is required for all courses in the minor, as specified by Senate Policy 59-10. In addition, at least six credits of the minor must be unique from the prescribed courses required by a student's major(s).",https://bulletins.psu.edu/undergraduate/colleges/liberal-arts/african-american-studies-minor/
African American Studies Minor,18,AFAM/RLST 147,N/A,,Select 9 Credits,"A grade of C or better is required for all courses in the minor, as specified by Senate Policy 59-10. In addition, at least six credits of the minor must be unique from the prescribed courses required by a student's major(s).",https://bulletins.psu.edu/undergraduate/colleges/liberal-arts/african-american-studies-minor/
African American Studies Minor,18,AFAM/MUSIC 207N,N/A,,Select 9 Credits,"A grade of C or better is required for all courses in the minor, as specified by Senate Policy 59-10. In addition, at least six credits of the minor must be unique from the prescribed courses required by a student's major(s).",https://bulletins.psu.edu/undergraduate/colleges/liberal-arts/african-american-studies-minor/
African American Studies Minor,18,AFAM/THEA 208,N/A,,Select 9 Credits,"A grade of C or better is required for all courses in the minor, as specified by Senate Policy 59-10. In addition, at least six credits of the minor must be unique from the prescribed courses required by a student's major(s).",https://bulletins.psu.edu/undergraduate/colleges/liberal-arts/african-american-studies-minor/
African American Studies Minor,18,AFAM/HIST 210,N/A,,Select 9 Credits,"A grade of C or better is required for all courses in the minor, as specified by Senate Policy 59-10. In addition, at least six credits of the minor must be unique from the prescribed courses required by a student's major(s).",https://bulletins.psu.edu/undergraduate/colleges/liberal-arts/african-american-studies-minor/
African American Studies Minor,18,AFAM 226N,N/A,,Select 9 Credits,"A grade of C or better is required for all courses in the minor, as specified by Senate Policy 59-10. In addition, at least six credits of the minor must be unique from the prescribed courses required by a student's major(s).",https://bulletins.psu.edu/undergraduate/colleges/liberal-arts/african-american-studies-minor/
African American Studies Minor,18,AFAM/ENGL 235,N/A,,Select 9 Credits,"A grade of C or better is required for all courses in the minor, as specified by Senate Policy 59-10. In addition, at least six credits of the minor must be unique from the prescribed courses required by a student's major(s).",https://bulletins.psu.edu/undergraduate/colleges/liberal-arts/african-american-studies-minor/
African American Studies Minor,18,AFAM 401,N/A,,Select 9 Credits,"A grade of C or better is required for all courses in the minor, as specified by Senate Policy 59-10. In addition, at least six credits of the minor must be unique from the prescribed courses required by a student's major(s).",https://bulletins.psu.edu/undergraduate/colleges/liberal-arts/african-american-studies-minor/
African American Studies Minor,18,AFAM/SOC 409,N/A,,Select 9 Credits,"A grade of C or better is required for all courses in the minor, as specified by Senate Policy 59-10. In addition, at least six credits of the minor must be unique from the prescribed courses required by a student's major(s).",https://bulletins.psu.edu/undergraduate/colleges/liberal-arts/african-american-studies-minor/
African American Studies Minor,18,AFAM 410,N/A,,Select 9 Credits,"A grade of C or better is required for all courses in the minor, as specified by Senate Policy 59-10. In addition, at least six credits of the minor must be unique from the prescribed courses required by a student's major(s).",https://bulletins.psu.edu/undergraduate/colleges/liberal-arts/african-american-studies-minor/
African American Studies Minor,18,AFAM/THEA 412,N/A,,Select 9 Credits,"A grade of C or better is required for all courses in the minor, as specified by Senate Policy 59-10. In addition, at least six credits of the minor must be unique from the prescribed courses required by a student's major(s).",https://bulletins.psu.edu/undergraduate/colleges/liberal-arts/african-american-studies-minor/
African American Studies Minor,18,AFAM/CAS 422,N/A,,Select 9 Credits,"A grade of C or better is required for all courses in the minor, as specified by Senate Policy 59-10. In addition, at least six credits of the minor must be unique from the prescribed courses required by a student's major(s).",https://bulletins.psu.edu/undergraduate/colleges/liberal-arts/african-american-studies-minor/
African American Studies Minor,18,AFAM/HIST 431,N/A,,Select 9 Credits,"A grade of C or better is required for all courses in the minor, as specified by Senate Policy 59-10. In addition, at least six credits of the minor must be unique from the prescribed courses required by a student's major(s).",https://bulletins.psu.edu/undergraduate/colleges/liberal-arts/african-american-studies-minor/
African American Studies Minor,18,AFAM/ENGL 463,N/A,,Select 9 Credits,"A grade of C or better is required for all courses in the minor, as specified by Senate Policy 59-10. In addition, at least six credits of the minor must be unique from the prescribed courses required by a student's major(s).",https://bulletins.psu.edu/undergraduate/colleges/liberal-arts/african-american-studies-minor/
African American Studies Minor,18,AFAM/HIST 465,N/A,,Select 9 Credits,"A grade of C or better is required for all courses in the minor, as specified by Senate Policy 59-10. In addition, at least six credits of the minor must be unique from the prescribed courses required by a student's major(s).",https://bulletins.psu.edu/undergraduate/colleges/liberal-arts/african-american-studies-minor/
African American Studies Minor,18,AFAM/ENGL 469,N/A,,Select 9 Credits,"A grade of C or better is required for all courses in the minor, as specified by Senate Policy 59-10. In addition, at least six credits of the minor must be unique from the prescribed courses required by a student's major(s).",https://bulletins.psu.edu/undergraduate/colleges/liberal-arts/african-american-studies-minor/
African American Studies Minor,18,COMM/WMNST 205,N/A,,Select 9 Credits,"A grade of C or better is required for all courses in the minor, as specified by Senate Policy 59-10. In addition, at least six credits of the minor must be unique from the prescribed courses required by a student's major(s).",https://bulletins.psu.edu/undergraduate/colleges/liberal-arts/african-american-studies-minor/
African American Studies Minor,18,CRIMJ/CRIM 451,N/A,,Select 9 Credits,"A grade of C or better is required for all courses in the minor, as specified by Senate Policy 59-10. In addition, at least six credits of the minor must be unique from the prescribed courses required by a student's major(s).",https://bulletins.psu.edu/undergraduate/colleges/liberal-arts/african-american-studies-minor/
African American Studies Minor,18,SOC 119N,N/A,,Select 9 Credits,"A grade of C or better is required for all courses in the minor, as specified by Senate Policy 59-10. In addition, at least six credits of the minor must be unique from the prescribed courses required by a student's major(s).",https://bulletins.psu.edu/undergraduate/colleges/liberal-arts/african-american-studies-minor/
