Minor,Total_Credits,Course_Code,Course_Title,Credits,Type,Program_Policies,URL
African Studies,18,AFR 191,Early African History,3,Mandatory,"A grade of C or better is required for all courses in the minor, as specified by Senate Policy 59-10. In addition, at least six credits of the minor must be unique from the prescribed courses required by a student's major(s).",https://bulletins.psu.edu/undergraduate/colleges/liberal-arts/african-studies-minor/
African Studies,18,AFR 192,Modern African History,3,Mandatory,"A grade of C or better is required for all courses in the minor, as specified by Senate Policy 59-10. In addition, at least six credits of the minor must be unique from the prescribed courses required by a student's major(s).",https://bulletins.psu.edu/undergraduate/colleges/liberal-arts/african-studies-minor/
African Studies,18,AFR 110,,3,Mandatory,"A grade of C or better is required for all courses in the minor, as specified by Senate Policy 59-10. In addition, at least six credits of the minor must be unique from the prescribed courses required by a student's major(s).",https://bulletins.psu.edu/undergraduate/colleges/liberal-arts/african-studies-minor/
African Studies,18,AFR 105,N/A,,Select 9 Credits,"A grade of C or better is required for all courses in the minor, as specified by Senate Policy 59-10. In addition, at least six credits of the minor must be unique from the prescribed courses required by a student's major(s).",https://bulletins.psu.edu/undergraduate/colleges/liberal-arts/african-studies-minor/
African Studies,18,AFR/WMNST 202N,N/A,,Select 9 Credits,"A grade of C or better is required for all courses in the minor, as specified by Senate Policy 59-10. In addition, at least six credits of the minor must be unique from the prescribed courses required by a student's major(s).",https://bulletins.psu.edu/undergraduate/colleges/liberal-arts/african-studies-minor/
African Studies,18,AFR 209,N/A,,Select 9 Credits,"A grade of C or better is required for all courses in the minor, as specified by Senate Policy 59-10. In addition, at least six credits of the minor must be unique from the prescribed courses required by a student's major(s).",https://bulletins.psu.edu/undergraduate/colleges/liberal-arts/african-studies-minor/
African Studies,18,AFR 403,N/A,,Select 9 Credits,"A grade of C or better is required for all courses in the minor, as specified by Senate Policy 59-10. In addition, at least six credits of the minor must be unique from the prescribed courses required by a student's major(s).",https://bulletins.psu.edu/undergraduate/colleges/liberal-arts/african-studies-minor/
African Studies,18,AFR 405,N/A,,Select 9 Credits,"A grade of C or better is required for all courses in the minor, as specified by Senate Policy 59-10. In addition, at least six credits of the minor must be unique from the prescribed courses required by a student's major(s).",https://bulletins.psu.edu/undergraduate/colleges/liberal-arts/african-studies-minor/
African Studies,18,AFR/PLSC 434,N/A,,Select 9 Credits,"A grade of C or better is required for all courses in the minor, as specified by Senate Policy 59-10. In addition, at least six credits of the minor must be unique from the prescribed courses required by a student's major(s).",https://bulletins.psu.edu/undergraduate/colleges/liberal-arts/african-studies-minor/
African Studies,18,AFR 440,N/A,,Select 9 Credits,"A grade of C or better is required for all courses in the minor, as specified by Senate Policy 59-10. In addition, at least six credits of the minor must be unique from the prescribed courses required by a student's major(s).",https://bulletins.psu.edu/undergraduate/colleges/liberal-arts/african-studies-minor/
African Studies,18,AFR 443,N/A,,Select 9 Credits,"A grade of C or better is required for all courses in the minor, as specified by Senate Policy 59-10. In addition, at least six credits of the minor must be unique from the prescribed courses required by a student's major(s).",https://bulletins.psu.edu/undergraduate/colleges/liberal-arts/african-studies-minor/
African Studies,18,AFR/PLSC 454,N/A,,Select 9 Credits,"A grade of C or better is required for all courses in the minor, as specified by Senate Policy 59-10. In addition, at least six credits of the minor must be unique from the prescribed courses required by a student's major(s).",https://bulletins.psu.edu/undergraduate/colleges/liberal-arts/african-studies-minor/
African Studies,18,AFR/PLSC 459,N/A,,Select 9 Credits,"A grade of C or better is required for all courses in the minor, as specified by Senate Policy 59-10. In addition, at least six credits of the minor must be unique from the prescribed courses required by a student's major(s).",https://bulletins.psu.edu/undergraduate/colleges/liberal-arts/african-studies-minor/
African Studies,18,AFR/PLSC 464,N/A,,Select 9 Credits,"A grade of C or better is required for all courses in the minor, as specified by Senate Policy 59-10. In addition, at least six credits of the minor must be unique from the prescribed courses required by a student's major(s).",https://bulletins.psu.edu/undergraduate/colleges/liberal-arts/african-studies-minor/
African Studies,18,AFR 495,N/A,,Select 9 Credits,"A grade of C or better is required for all courses in the minor, as specified by Senate Policy 59-10. In addition, at least six credits of the minor must be unique from the prescribed courses required by a student's major(s).",https://bulletins.psu.edu/undergraduate/colleges/liberal-arts/african-studies-minor/
African Studies,18,AFR 496,N/A,,Select 9 Credits,"A grade of C or better is required for all courses in the minor, as specified by Senate Policy 59-10. In addition, at least six credits of the minor must be unique from the prescribed courses required by a student's major(s).",https://bulletins.psu.edu/undergraduate/colleges/liberal-arts/african-studies-minor/
African Studies,18,AFR 499,N/A,,Select 9 Credits,"A grade of C or better is required for all courses in the minor, as specified by Senate Policy 59-10. In addition, at least six credits of the minor must be unique from the prescribed courses required by a student's major(s).",https://bulletins.psu.edu/undergraduate/colleges/liberal-arts/african-studies-minor/
African Studies,18,CMLIT 3,N/A,,Select 9 Credits,"A grade of C or better is required for all courses in the minor, as specified by Senate Policy 59-10. In addition, at least six credits of the minor must be unique from the prescribed courses required by a student's major(s).",https://bulletins.psu.edu/undergraduate/colleges/liberal-arts/african-studies-minor/
African Studies,18,CMLIT 422,N/A,,Select 9 Credits,"A grade of C or better is required for all courses in the minor, as specified by Senate Policy 59-10. In addition, at least six credits of the minor must be unique from the prescribed courses required by a student's major(s).",https://bulletins.psu.edu/undergraduate/colleges/liberal-arts/african-studies-minor/
African Studies,18,CMLIT 423,N/A,,Select 9 Credits,"A grade of C or better is required for all courses in the minor, as specified by Senate Policy 59-10. In addition, at least six credits of the minor must be unique from the prescribed courses required by a student's major(s).",https://bulletins.psu.edu/undergraduate/colleges/liberal-arts/african-studies-minor/
African Studies,18,ECON 413W,N/A,,Select 9 Credits,"A grade of C or better is required for all courses in the minor, as specified by Senate Policy 59-10. In addition, at least six credits of the minor must be unique from the prescribed courses required by a student's major(s).",https://bulletins.psu.edu/undergraduate/colleges/liberal-arts/african-studies-minor/
African Studies,18,ECON 475W,N/A,,Select 9 Credits,"A grade of C or better is required for all courses in the minor, as specified by Senate Policy 59-10. In addition, at least six credits of the minor must be unique from the prescribed courses required by a student's major(s).",https://bulletins.psu.edu/undergraduate/colleges/liberal-arts/african-studies-minor/
African Studies,18,FR 458,N/A,,Select 9 Credits,"A grade of C or better is required for all courses in the minor, as specified by Senate Policy 59-10. In addition, at least six credits of the minor must be unique from the prescribed courses required by a student's major(s).",https://bulletins.psu.edu/undergraduate/colleges/liberal-arts/african-studies-minor/
African Studies,18,GEOG 429,N/A,,Select 9 Credits,"A grade of C or better is required for all courses in the minor, as specified by Senate Policy 59-10. In addition, at least six credits of the minor must be unique from the prescribed courses required by a student's major(s).",https://bulletins.psu.edu/undergraduate/colleges/liberal-arts/african-studies-minor/
African Studies,18,GEOG 444,N/A,,Select 9 Credits,"A grade of C or better is required for all courses in the minor, as specified by Senate Policy 59-10. In addition, at least six credits of the minor must be unique from the prescribed courses required by a student's major(s).",https://bulletins.psu.edu/undergraduate/colleges/liberal-arts/african-studies-minor/
African Studies,18,PLSC 481,N/A,,Select 9 Credits,"A grade of C or better is required for all courses in the minor, as specified by Senate Policy 59-10. In addition, at least six credits of the minor must be unique from the prescribed courses required by a student's major(s).",https://bulletins.psu.edu/undergraduate/colleges/liberal-arts/african-studies-minor/
