Minor,Total_Credits,Course_Code,Course_Title,Credits,Type,Program_Policies,URL
 Arboriculture Minor,26,PPEM 318,Diseases of Forest and Shade Trees,N/A,Mandatory,"A grade of C or better is required for all courses in the minor, as specified by Senate Policy 59-10. In addition, at least six credits of the minor must be unique from the prescribed courses required by a student's major(s).",https://bulletins.psu.edu/undergraduate/colleges/agricultural-sciences/arboriculture-minor/
 Arboriculture Minor,26,SOILS 101,Introductory Soil Science,3,Mandatory,"A grade of C or better is required for all courses in the minor, as specified by Senate Policy 59-10. In addition, at least six credits of the minor must be unique from the prescribed courses required by a student's major(s).",https://bulletins.psu.edu/undergraduate/colleges/agricultural-sciences/arboriculture-minor/
 Arboriculture Minor,26,BIOL 110,Biology:  Basic Concepts and Biodiversity,3-4,Mandatory,"A grade of C or better is required for all courses in the minor, as specified by Senate Policy 59-10. In addition, at least six credits of the minor must be unique from the prescribed courses required by a student's major(s).",https://bulletins.psu.edu/undergraduate/colleges/agricultural-sciences/arboriculture-minor/
 Arboriculture Minor,26,PPEM 300,Horticultural Crop Diseases,2-3,Mandatory,"A grade of C or better is required for all courses in the minor, as specified by Senate Policy 59-10. In addition, at least six credits of the minor must be unique from the prescribed courses required by a student's major(s).",https://bulletins.psu.edu/undergraduate/colleges/agricultural-sciences/arboriculture-minor/
 Arboriculture Minor,26,FOR 203,Field Dendrology,3,Mandatory,"A grade of C or better is required for all courses in the minor, as specified by Senate Policy 59-10. In addition, at least six credits of the minor must be unique from the prescribed courses required by a student's major(s).",https://bulletins.psu.edu/undergraduate/colleges/agricultural-sciences/arboriculture-minor/
 Arboriculture Minor,26,ENT 313,Introduction to Entomology,2,Mandatory,"A grade of C or better is required for all courses in the minor, as specified by Senate Policy 59-10. In addition, at least six credits of the minor must be unique from the prescribed courses required by a student's major(s).",https://bulletins.psu.edu/undergraduate/colleges/agricultural-sciences/arboriculture-minor/
 Arboriculture Minor,26,HORT 137,Ornamental Plant Materials,N/A,Mandatory,"A grade of C or better is required for all courses in the minor, as specified by Senate Policy 59-10. In addition, at least six credits of the minor must be unique from the prescribed courses required by a student's major(s).",https://bulletins.psu.edu/undergraduate/colleges/agricultural-sciences/arboriculture-minor/
 Arboriculture Minor,26,HORT 301,Principles of Arboriculture,3,Mandatory,"A grade of C or better is required for all courses in the minor, as specified by Senate Policy 59-10. In addition, at least six credits of the minor must be unique from the prescribed courses required by a student's major(s).",https://bulletins.psu.edu/undergraduate/colleges/agricultural-sciences/arboriculture-minor/
 Arboriculture Minor,26,FOR 401,Urban Forest Management,3,Mandatory,"A grade of C or better is required for all courses in the minor, as specified by Senate Policy 59-10. In addition, at least six credits of the minor must be unique from the prescribed courses required by a student's major(s).",https://bulletins.psu.edu/undergraduate/colleges/agricultural-sciences/arboriculture-minor/
 Arboriculture Minor,26,HORT 408,Landscape Plant Establishment and Maintenance,4,Mandatory,"A grade of C or better is required for all courses in the minor, as specified by Senate Policy 59-10. In addition, at least six credits of the minor must be unique from the prescribed courses required by a student's major(s).",https://bulletins.psu.edu/undergraduate/colleges/agricultural-sciences/arboriculture-minor/
 Arboriculture Minor,26,ENT 314,Management of Insect Pests of Ornamentals,1,Mandatory,"A grade of C or better is required for all courses in the minor, as specified by Senate Policy 59-10. In addition, at least six credits of the minor must be unique from the prescribed courses required by a student's major(s).",https://bulletins.psu.edu/undergraduate/colleges/agricultural-sciences/arboriculture-minor/
 Arboriculture Minor,26,BIOL 127,Introduction to Plant Biology,N/A,Mandatory,"A grade of C or better is required for all courses in the minor, as specified by Senate Policy 59-10. In addition, at least six credits of the minor must be unique from the prescribed courses required by a student's major(s).",https://bulletins.psu.edu/undergraduate/colleges/agricultural-sciences/arboriculture-minor/
 Arboriculture Minor,26,HORT 201,Applied Arboriculture,2,Mandatory,"A grade of C or better is required for all courses in the minor, as specified by Senate Policy 59-10. In addition, at least six credits of the minor must be unique from the prescribed courses required by a student's major(s).",https://bulletins.psu.edu/undergraduate/colleges/agricultural-sciences/arboriculture-minor/
