Minor,Total_Credits,Course_Code,Course_Title,Credits,Type,Program_Policies,URL
Architecture Studies Minor,21,ARCH 210,Ideas Across Time in Architecture and Urbanism,N/A,Mandatory,"6 credits must be at the 400-level.; A grade of C or better is required for all courses in the minor, as specified by Senate Policy 59-10. In addition, at least six credits of the minor must be unique from the prescribed courses required by a student's major(s).; Courses available to Architecture majors only.; Courses available to Architectural Engineering majors only.; ARCH prefix courses excluding ARCH 130A and ARCH 441",https://bulletins.psu.edu/undergraduate/colleges/arts-architecture/architecture-studies-minor/
Architecture Studies Minor,21,ARCH 100,Architecture and Ideas,3,Mandatory,"6 credits must be at the 400-level.; A grade of C or better is required for all courses in the minor, as specified by Senate Policy 59-10. In addition, at least six credits of the minor must be unique from the prescribed courses required by a student's major(s).; Courses available to Architecture majors only.; Courses available to Architectural Engineering majors only.; ARCH prefix courses excluding ARCH 130A and ARCH 441",https://bulletins.psu.edu/undergraduate/colleges/arts-architecture/architecture-studies-minor/
Architecture Studies Minor,21,ARCH 316,N/A,,Select 3 Credits,"6 credits must be at the 400-level.; A grade of C or better is required for all courses in the minor, as specified by Senate Policy 59-10. In addition, at least six credits of the minor must be unique from the prescribed courses required by a student's major(s).; Courses available to Architecture majors only.; Courses available to Architectural Engineering majors only.; ARCH prefix courses excluding ARCH 130A and ARCH 441",https://bulletins.psu.edu/undergraduate/colleges/arts-architecture/architecture-studies-minor/
Architecture Studies Minor,21,ARTH 201,N/A,,Select 3 Credits,"6 credits must be at the 400-level.; A grade of C or better is required for all courses in the minor, as specified by Senate Policy 59-10. In addition, at least six credits of the minor must be unique from the prescribed courses required by a student's major(s).; Courses available to Architecture majors only.; Courses available to Architectural Engineering majors only.; ARCH prefix courses excluding ARCH 130A and ARCH 441",https://bulletins.psu.edu/undergraduate/colleges/arts-architecture/architecture-studies-minor/
Architecture Studies Minor,21,ARTH 202,N/A,,Select 3 Credits,"6 credits must be at the 400-level.; A grade of C or better is required for all courses in the minor, as specified by Senate Policy 59-10. In addition, at least six credits of the minor must be unique from the prescribed courses required by a student's major(s).; Courses available to Architecture majors only.; Courses available to Architectural Engineering majors only.; ARCH prefix courses excluding ARCH 130A and ARCH 441",https://bulletins.psu.edu/undergraduate/colleges/arts-architecture/architecture-studies-minor/
Architecture Studies Minor,21,ARCH 312,N/A,,Select 3 Credits,"6 credits must be at the 400-level.; A grade of C or better is required for all courses in the minor, as specified by Senate Policy 59-10. In addition, at least six credits of the minor must be unique from the prescribed courses required by a student's major(s).; Courses available to Architecture majors only.; Courses available to Architectural Engineering majors only.; ARCH prefix courses excluding ARCH 130A and ARCH 441",https://bulletins.psu.edu/undergraduate/colleges/arts-architecture/architecture-studies-minor/
Architecture Studies Minor,21,ARCH 316,N/A,,Select 3 Credits,"6 credits must be at the 400-level.; A grade of C or better is required for all courses in the minor, as specified by Senate Policy 59-10. In addition, at least six credits of the minor must be unique from the prescribed courses required by a student's major(s).; Courses available to Architecture majors only.; Courses available to Architectural Engineering majors only.; ARCH prefix courses excluding ARCH 130A and ARCH 441",https://bulletins.psu.edu/undergraduate/colleges/arts-architecture/architecture-studies-minor/
Architecture Studies Minor,21,ARCH 317,N/A,,Select 3 Credits,"6 credits must be at the 400-level.; A grade of C or better is required for all courses in the minor, as specified by Senate Policy 59-10. In addition, at least six credits of the minor must be unique from the prescribed courses required by a student's major(s).; Courses available to Architecture majors only.; Courses available to Architectural Engineering majors only.; ARCH prefix courses excluding ARCH 130A and ARCH 441",https://bulletins.psu.edu/undergraduate/colleges/arts-architecture/architecture-studies-minor/
Architecture Studies Minor,21,ARCH 499,N/A,,Select 3 Credits,"6 credits must be at the 400-level.; A grade of C or better is required for all courses in the minor, as specified by Senate Policy 59-10. In addition, at least six credits of the minor must be unique from the prescribed courses required by a student's major(s).; Courses available to Architecture majors only.; Courses available to Architectural Engineering majors only.; ARCH prefix courses excluding ARCH 130A and ARCH 441",https://bulletins.psu.edu/undergraduate/colleges/arts-architecture/architecture-studies-minor/
Architecture Studies Minor,21,ARTH 120,N/A,,Select 3 Credits,"6 credits must be at the 400-level.; A grade of C or better is required for all courses in the minor, as specified by Senate Policy 59-10. In addition, at least six credits of the minor must be unique from the prescribed courses required by a student's major(s).; Courses available to Architecture majors only.; Courses available to Architectural Engineering majors only.; ARCH prefix courses excluding ARCH 130A and ARCH 441",https://bulletins.psu.edu/undergraduate/colleges/arts-architecture/architecture-studies-minor/
Architecture Studies Minor,21,ARTH 140,N/A,,Select 3 Credits,"6 credits must be at the 400-level.; A grade of C or better is required for all courses in the minor, as specified by Senate Policy 59-10. In addition, at least six credits of the minor must be unique from the prescribed courses required by a student's major(s).; Courses available to Architecture majors only.; Courses available to Architectural Engineering majors only.; ARCH prefix courses excluding ARCH 130A and ARCH 441",https://bulletins.psu.edu/undergraduate/colleges/arts-architecture/architecture-studies-minor/
Architecture Studies Minor,21,ARTH 308N,N/A,,Select 3 Credits,"6 credits must be at the 400-level.; A grade of C or better is required for all courses in the minor, as specified by Senate Policy 59-10. In addition, at least six credits of the minor must be unique from the prescribed courses required by a student's major(s).; Courses available to Architecture majors only.; Courses available to Architectural Engineering majors only.; ARCH prefix courses excluding ARCH 130A and ARCH 441",https://bulletins.psu.edu/undergraduate/colleges/arts-architecture/architecture-studies-minor/
Architecture Studies Minor,21,ARTH 315,N/A,,Select 3 Credits,"6 credits must be at the 400-level.; A grade of C or better is required for all courses in the minor, as specified by Senate Policy 59-10. In addition, at least six credits of the minor must be unique from the prescribed courses required by a student's major(s).; Courses available to Architecture majors only.; Courses available to Architectural Engineering majors only.; ARCH prefix courses excluding ARCH 130A and ARCH 441",https://bulletins.psu.edu/undergraduate/colleges/arts-architecture/architecture-studies-minor/
Architecture Studies Minor,21,ARTH 330,N/A,,Select 3 Credits,"6 credits must be at the 400-level.; A grade of C or better is required for all courses in the minor, as specified by Senate Policy 59-10. In addition, at least six credits of the minor must be unique from the prescribed courses required by a student's major(s).; Courses available to Architecture majors only.; Courses available to Architectural Engineering majors only.; ARCH prefix courses excluding ARCH 130A and ARCH 441",https://bulletins.psu.edu/undergraduate/colleges/arts-architecture/architecture-studies-minor/
Architecture Studies Minor,21,ARTH 401,N/A,,Select 3 Credits,"6 credits must be at the 400-level.; A grade of C or better is required for all courses in the minor, as specified by Senate Policy 59-10. In addition, at least six credits of the minor must be unique from the prescribed courses required by a student's major(s).; Courses available to Architecture majors only.; Courses available to Architectural Engineering majors only.; ARCH prefix courses excluding ARCH 130A and ARCH 441",https://bulletins.psu.edu/undergraduate/colleges/arts-architecture/architecture-studies-minor/
Architecture Studies Minor,21,ARTH 405,N/A,,Select 3 Credits,"6 credits must be at the 400-level.; A grade of C or better is required for all courses in the minor, as specified by Senate Policy 59-10. In addition, at least six credits of the minor must be unique from the prescribed courses required by a student's major(s).; Courses available to Architecture majors only.; Courses available to Architectural Engineering majors only.; ARCH prefix courses excluding ARCH 130A and ARCH 441",https://bulletins.psu.edu/undergraduate/colleges/arts-architecture/architecture-studies-minor/
Architecture Studies Minor,21,ARTH 412,N/A,,Select 3 Credits,"6 credits must be at the 400-level.; A grade of C or better is required for all courses in the minor, as specified by Senate Policy 59-10. In addition, at least six credits of the minor must be unique from the prescribed courses required by a student's major(s).; Courses available to Architecture majors only.; Courses available to Architectural Engineering majors only.; ARCH prefix courses excluding ARCH 130A and ARCH 441",https://bulletins.psu.edu/undergraduate/colleges/arts-architecture/architecture-studies-minor/
Architecture Studies Minor,21,ARTH 413,N/A,,Select 3 Credits,"6 credits must be at the 400-level.; A grade of C or better is required for all courses in the minor, as specified by Senate Policy 59-10. In addition, at least six credits of the minor must be unique from the prescribed courses required by a student's major(s).; Courses available to Architecture majors only.; Courses available to Architectural Engineering majors only.; ARCH prefix courses excluding ARCH 130A and ARCH 441",https://bulletins.psu.edu/undergraduate/colleges/arts-architecture/architecture-studies-minor/
Architecture Studies Minor,21,ARTH 415,N/A,,Select 3 Credits,"6 credits must be at the 400-level.; A grade of C or better is required for all courses in the minor, as specified by Senate Policy 59-10. In addition, at least six credits of the minor must be unique from the prescribed courses required by a student's major(s).; Courses available to Architecture majors only.; Courses available to Architectural Engineering majors only.; ARCH prefix courses excluding ARCH 130A and ARCH 441",https://bulletins.psu.edu/undergraduate/colleges/arts-architecture/architecture-studies-minor/
Architecture Studies Minor,21,ARTH 420,N/A,,Select 3 Credits,"6 credits must be at the 400-level.; A grade of C or better is required for all courses in the minor, as specified by Senate Policy 59-10. In addition, at least six credits of the minor must be unique from the prescribed courses required by a student's major(s).; Courses available to Architecture majors only.; Courses available to Architectural Engineering majors only.; ARCH prefix courses excluding ARCH 130A and ARCH 441",https://bulletins.psu.edu/undergraduate/colleges/arts-architecture/architecture-studies-minor/
Architecture Studies Minor,21,ARTH 440,N/A,,Select 3 Credits,"6 credits must be at the 400-level.; A grade of C or better is required for all courses in the minor, as specified by Senate Policy 59-10. In addition, at least six credits of the minor must be unique from the prescribed courses required by a student's major(s).; Courses available to Architecture majors only.; Courses available to Architectural Engineering majors only.; ARCH prefix courses excluding ARCH 130A and ARCH 441",https://bulletins.psu.edu/undergraduate/colleges/arts-architecture/architecture-studies-minor/
Architecture Studies Minor,21,ARTH 456,N/A,,Select 3 Credits,"6 credits must be at the 400-level.; A grade of C or better is required for all courses in the minor, as specified by Senate Policy 59-10. In addition, at least six credits of the minor must be unique from the prescribed courses required by a student's major(s).; Courses available to Architecture majors only.; Courses available to Architectural Engineering majors only.; ARCH prefix courses excluding ARCH 130A and ARCH 441",https://bulletins.psu.edu/undergraduate/colleges/arts-architecture/architecture-studies-minor/
Architecture Studies Minor,21,ARTH 458,N/A,,Select 3 Credits,"6 credits must be at the 400-level.; A grade of C or better is required for all courses in the minor, as specified by Senate Policy 59-10. In addition, at least six credits of the minor must be unique from the prescribed courses required by a student's major(s).; Courses available to Architecture majors only.; Courses available to Architectural Engineering majors only.; ARCH prefix courses excluding ARCH 130A and ARCH 441",https://bulletins.psu.edu/undergraduate/colleges/arts-architecture/architecture-studies-minor/
Architecture Studies Minor,21,ARTH 460,N/A,,Select 3 Credits,"6 credits must be at the 400-level.; A grade of C or better is required for all courses in the minor, as specified by Senate Policy 59-10. In addition, at least six credits of the minor must be unique from the prescribed courses required by a student's major(s).; Courses available to Architecture majors only.; Courses available to Architectural Engineering majors only.; ARCH prefix courses excluding ARCH 130A and ARCH 441",https://bulletins.psu.edu/undergraduate/colleges/arts-architecture/architecture-studies-minor/
Architecture Studies Minor,21,ASIA 315,N/A,,Select 3 Credits,"6 credits must be at the 400-level.; A grade of C or better is required for all courses in the minor, as specified by Senate Policy 59-10. In addition, at least six credits of the minor must be unique from the prescribed courses required by a student's major(s).; Courses available to Architecture majors only.; Courses available to Architectural Engineering majors only.; ARCH prefix courses excluding ARCH 130A and ARCH 441",https://bulletins.psu.edu/undergraduate/colleges/arts-architecture/architecture-studies-minor/
Architecture Studies Minor,21,ASIA 440,N/A,,Select 3 Credits,"6 credits must be at the 400-level.; A grade of C or better is required for all courses in the minor, as specified by Senate Policy 59-10. In addition, at least six credits of the minor must be unique from the prescribed courses required by a student's major(s).; Courses available to Architecture majors only.; Courses available to Architectural Engineering majors only.; ARCH prefix courses excluding ARCH 130A and ARCH 441",https://bulletins.psu.edu/undergraduate/colleges/arts-architecture/architecture-studies-minor/
Architecture Studies Minor,21,LARCH 65,N/A,,Select 3 Credits,"6 credits must be at the 400-level.; A grade of C or better is required for all courses in the minor, as specified by Senate Policy 59-10. In addition, at least six credits of the minor must be unique from the prescribed courses required by a student's major(s).; Courses available to Architecture majors only.; Courses available to Architectural Engineering majors only.; ARCH prefix courses excluding ARCH 130A and ARCH 441",https://bulletins.psu.edu/undergraduate/colleges/arts-architecture/architecture-studies-minor/
Architecture Studies Minor,21,ARCH 121,N/A,,Select 6 Credits,"6 credits must be at the 400-level.; A grade of C or better is required for all courses in the minor, as specified by Senate Policy 59-10. In addition, at least six credits of the minor must be unique from the prescribed courses required by a student's major(s).; Courses available to Architecture majors only.; Courses available to Architectural Engineering majors only.; ARCH prefix courses excluding ARCH 130A and ARCH 441",https://bulletins.psu.edu/undergraduate/colleges/arts-architecture/architecture-studies-minor/
Architecture Studies Minor,21,ARCH 122,N/A,,Select 6 Credits,"6 credits must be at the 400-level.; A grade of C or better is required for all courses in the minor, as specified by Senate Policy 59-10. In addition, at least six credits of the minor must be unique from the prescribed courses required by a student's major(s).; Courses available to Architecture majors only.; Courses available to Architectural Engineering majors only.; ARCH prefix courses excluding ARCH 130A and ARCH 441",https://bulletins.psu.edu/undergraduate/colleges/arts-architecture/architecture-studies-minor/
Architecture Studies Minor,21,ARCH 130A,N/A,,Select 6 Credits,"6 credits must be at the 400-level.; A grade of C or better is required for all courses in the minor, as specified by Senate Policy 59-10. In addition, at least six credits of the minor must be unique from the prescribed courses required by a student's major(s).; Courses available to Architecture majors only.; Courses available to Architectural Engineering majors only.; ARCH prefix courses excluding ARCH 130A and ARCH 441",https://bulletins.psu.edu/undergraduate/colleges/arts-architecture/architecture-studies-minor/
Architecture Studies Minor,21,ARCH 131,N/A,,Select 6 Credits,"6 credits must be at the 400-level.; A grade of C or better is required for all courses in the minor, as specified by Senate Policy 59-10. In addition, at least six credits of the minor must be unique from the prescribed courses required by a student's major(s).; Courses available to Architecture majors only.; Courses available to Architectural Engineering majors only.; ARCH prefix courses excluding ARCH 130A and ARCH 441",https://bulletins.psu.edu/undergraduate/colleges/arts-architecture/architecture-studies-minor/
Architecture Studies Minor,21,ARCH 132,N/A,,Select 6 Credits,"6 credits must be at the 400-level.; A grade of C or better is required for all courses in the minor, as specified by Senate Policy 59-10. In addition, at least six credits of the minor must be unique from the prescribed courses required by a student's major(s).; Courses available to Architecture majors only.; Courses available to Architectural Engineering majors only.; ARCH prefix courses excluding ARCH 130A and ARCH 441",https://bulletins.psu.edu/undergraduate/colleges/arts-architecture/architecture-studies-minor/
Architecture Studies Minor,21,ARCH 412,N/A,,Select 6 Credits,"6 credits must be at the 400-level.; A grade of C or better is required for all courses in the minor, as specified by Senate Policy 59-10. In addition, at least six credits of the minor must be unique from the prescribed courses required by a student's major(s).; Courses available to Architecture majors only.; Courses available to Architectural Engineering majors only.; ARCH prefix courses excluding ARCH 130A and ARCH 441",https://bulletins.psu.edu/undergraduate/colleges/arts-architecture/architecture-studies-minor/
Architecture Studies Minor,21,ARCH 442,N/A,,Select 6 Credits,"6 credits must be at the 400-level.; A grade of C or better is required for all courses in the minor, as specified by Senate Policy 59-10. In addition, at least six credits of the minor must be unique from the prescribed courses required by a student's major(s).; Courses available to Architecture majors only.; Courses available to Architectural Engineering majors only.; ARCH prefix courses excluding ARCH 130A and ARCH 441",https://bulletins.psu.edu/undergraduate/colleges/arts-architecture/architecture-studies-minor/
Architecture Studies Minor,21,ARCH 443,N/A,,Select 6 Credits,"6 credits must be at the 400-level.; A grade of C or better is required for all courses in the minor, as specified by Senate Policy 59-10. In addition, at least six credits of the minor must be unique from the prescribed courses required by a student's major(s).; Courses available to Architecture majors only.; Courses available to Architectural Engineering majors only.; ARCH prefix courses excluding ARCH 130A and ARCH 441",https://bulletins.psu.edu/undergraduate/colleges/arts-architecture/architecture-studies-minor/
Architecture Studies Minor,21,ARCH 481,N/A,,Select 6 Credits,"6 credits must be at the 400-level.; A grade of C or better is required for all courses in the minor, as specified by Senate Policy 59-10. In addition, at least six credits of the minor must be unique from the prescribed courses required by a student's major(s).; Courses available to Architecture majors only.; Courses available to Architectural Engineering majors only.; ARCH prefix courses excluding ARCH 130A and ARCH 441",https://bulletins.psu.edu/undergraduate/colleges/arts-architecture/architecture-studies-minor/
Architecture Studies Minor,21,ARCH 497,N/A,,Select 6 Credits,"6 credits must be at the 400-level.; A grade of C or better is required for all courses in the minor, as specified by Senate Policy 59-10. In addition, at least six credits of the minor must be unique from the prescribed courses required by a student's major(s).; Courses available to Architecture majors only.; Courses available to Architectural Engineering majors only.; ARCH prefix courses excluding ARCH 130A and ARCH 441",https://bulletins.psu.edu/undergraduate/colleges/arts-architecture/architecture-studies-minor/
Architecture Studies Minor,21,ARCH 499,N/A,,Select 6 Credits,"6 credits must be at the 400-level.; A grade of C or better is required for all courses in the minor, as specified by Senate Policy 59-10. In addition, at least six credits of the minor must be unique from the prescribed courses required by a student's major(s).; Courses available to Architecture majors only.; Courses available to Architectural Engineering majors only.; ARCH prefix courses excluding ARCH 130A and ARCH 441",https://bulletins.psu.edu/undergraduate/colleges/arts-architecture/architecture-studies-minor/
Architecture Studies Minor,21,,Select 3 credits within ARCH,,Select 3 Credits,"6 credits must be at the 400-level.; A grade of C or better is required for all courses in the minor, as specified by Senate Policy 59-10. In addition, at least six credits of the minor must be unique from the prescribed courses required by a student's major(s).; Courses available to Architecture majors only.; Courses available to Architectural Engineering majors only.; ARCH prefix courses excluding ARCH 130A and ARCH 441",https://bulletins.psu.edu/undergraduate/colleges/arts-architecture/architecture-studies-minor/
Architecture Studies Minor,21,,Select 3 credits in ARCH or in specific AE or LARCH courses from an approved department list,,Select 3 Credits,"6 credits must be at the 400-level.; A grade of C or better is required for all courses in the minor, as specified by Senate Policy 59-10. In addition, at least six credits of the minor must be unique from the prescribed courses required by a student's major(s).; Courses available to Architecture majors only.; Courses available to Architectural Engineering majors only.; ARCH prefix courses excluding ARCH 130A and ARCH 441",https://bulletins.psu.edu/undergraduate/colleges/arts-architecture/architecture-studies-minor/
