Minor,Total_Credits,Course_Code,Course_Title,Credits,Type,Program_Policies,URL
Architectural History Minor,21,ARTH 201,Ancient to Medieval Architecture,3,Mandatory,"A grade of C or better is required for all courses in the minor, as specified by Senate Policy 59-10. In addition, at least six credits of the minor must be unique from the prescribed courses required by a student's major(s).",https://bulletins.psu.edu/undergraduate/colleges/arts-architecture/architectural-history-minor/
Architectural History Minor,21,ARTH 202N,Renaissance to Modern Architecture,3,Mandatory,"A grade of C or better is required for all courses in the minor, as specified by Senate Policy 59-10. In addition, at least six credits of the minor must be unique from the prescribed courses required by a student's major(s).",https://bulletins.psu.edu/undergraduate/colleges/arts-architecture/architectural-history-minor/
Architectural History Minor,21,ARCH 100,N/A,,Select 3 Credits,"A grade of C or better is required for all courses in the minor, as specified by Senate Policy 59-10. In addition, at least six credits of the minor must be unique from the prescribed courses required by a student's major(s).",https://bulletins.psu.edu/undergraduate/colleges/arts-architecture/architectural-history-minor/
Architectural History Minor,21,ARCH 210,N/A,,Select 3 Credits,"A grade of C or better is required for all courses in the minor, as specified by Senate Policy 59-10. In addition, at least six credits of the minor must be unique from the prescribed courses required by a student's major(s).",https://bulletins.psu.edu/undergraduate/colleges/arts-architecture/architectural-history-minor/
Architectural History Minor,21,LARCH 60,N/A,,Select 3 Credits,"A grade of C or better is required for all courses in the minor, as specified by Senate Policy 59-10. In addition, at least six credits of the minor must be unique from the prescribed courses required by a student's major(s).",https://bulletins.psu.edu/undergraduate/colleges/arts-architecture/architectural-history-minor/
Architectural History Minor,21,LARCH 60H,N/A,,Select 3 Credits,"A grade of C or better is required for all courses in the minor, as specified by Senate Policy 59-10. In addition, at least six credits of the minor must be unique from the prescribed courses required by a student's major(s).",https://bulletins.psu.edu/undergraduate/colleges/arts-architecture/architectural-history-minor/
Architectural History Minor,21,LARCH 65,N/A,,Select 3 Credits,"A grade of C or better is required for all courses in the minor, as specified by Senate Policy 59-10. In addition, at least six credits of the minor must be unique from the prescribed courses required by a student's major(s).",https://bulletins.psu.edu/undergraduate/colleges/arts-architecture/architectural-history-minor/
Architectural History Minor,21,,"Select 12 credits from any courses in architectural history, including at least 6 at the 400 level. No more than 9 credits may be taken from any one department. Courses must be approved by Architectural History minor adviser.",,Select 12 Credits,"A grade of C or better is required for all courses in the minor, as specified by Senate Policy 59-10. In addition, at least six credits of the minor must be unique from the prescribed courses required by a student's major(s).",https://bulletins.psu.edu/undergraduate/colleges/arts-architecture/architectural-history-minor/
