Minor,Total_Credits,Course_Code,Course_Title,Credits,Type,Program_Policies,URL
Biochemistry and Molecular Biology Minor,33,CHEM 210,Organic Chemistry I,3,Mandatory,"A grade of C or better is required for all courses in the minor, as specified by Senate Policy 59-10. In addition, at least six credits of the minor must be unique from the prescribed courses required by a student's major(s).; Note: BMB 408 and BMB 496 may not be used to fulfill requirements for the minor.",https://bulletins.psu.edu/undergraduate/colleges/eberly-science/biochemistry-molecular-biology-minor/
Biochemistry and Molecular Biology Minor,33,BIOL 322,Genetic Analysis,N/A,Mandatory,"A grade of C or better is required for all courses in the minor, as specified by Senate Policy 59-10. In addition, at least six credits of the minor must be unique from the prescribed courses required by a student's major(s).; Note: BMB 408 and BMB 496 may not be used to fulfill requirements for the minor.",https://bulletins.psu.edu/undergraduate/colleges/eberly-science/biochemistry-molecular-biology-minor/
Biochemistry and Molecular Biology Minor,33,BMB 251,Molecular and Cell Biology I,3,Mandatory,"A grade of C or better is required for all courses in the minor, as specified by Senate Policy 59-10. In addition, at least six credits of the minor must be unique from the prescribed courses required by a student's major(s).; Note: BMB 408 and BMB 496 may not be used to fulfill requirements for the minor.",https://bulletins.psu.edu/undergraduate/colleges/eberly-science/biochemistry-molecular-biology-minor/
Biochemistry and Molecular Biology Minor,33,BMB 442,"Laboratory in Proteins, Nucleic Acids, and Molecular Cloning",3,Mandatory,"A grade of C or better is required for all courses in the minor, as specified by Senate Policy 59-10. In addition, at least six credits of the minor must be unique from the prescribed courses required by a student's major(s).; Note: BMB 408 and BMB 496 may not be used to fulfill requirements for the minor.",https://bulletins.psu.edu/undergraduate/colleges/eberly-science/biochemistry-molecular-biology-minor/
Biochemistry and Molecular Biology Minor,33,CHEM 110,Chemical Principles I,3,Mandatory,"A grade of C or better is required for all courses in the minor, as specified by Senate Policy 59-10. In addition, at least six credits of the minor must be unique from the prescribed courses required by a student's major(s).; Note: BMB 408 and BMB 496 may not be used to fulfill requirements for the minor.",https://bulletins.psu.edu/undergraduate/colleges/eberly-science/biochemistry-molecular-biology-minor/
Biochemistry and Molecular Biology Minor,33,CHEM 212,Organic Chemistry II,3,Mandatory,"A grade of C or better is required for all courses in the minor, as specified by Senate Policy 59-10. In addition, at least six credits of the minor must be unique from the prescribed courses required by a student's major(s).; Note: BMB 408 and BMB 496 may not be used to fulfill requirements for the minor.",https://bulletins.psu.edu/undergraduate/colleges/eberly-science/biochemistry-molecular-biology-minor/
Biochemistry and Molecular Biology Minor,33,BMB 252,Molecular and Cell Biology II,3,Mandatory,"A grade of C or better is required for all courses in the minor, as specified by Senate Policy 59-10. In addition, at least six credits of the minor must be unique from the prescribed courses required by a student's major(s).; Note: BMB 408 and BMB 496 may not be used to fulfill requirements for the minor.",https://bulletins.psu.edu/undergraduate/colleges/eberly-science/biochemistry-molecular-biology-minor/
Biochemistry and Molecular Biology Minor,33,BMB 402,General Biochemistry,3,Mandatory,"A grade of C or better is required for all courses in the minor, as specified by Senate Policy 59-10. In addition, at least six credits of the minor must be unique from the prescribed courses required by a student's major(s).; Note: BMB 408 and BMB 496 may not be used to fulfill requirements for the minor.",https://bulletins.psu.edu/undergraduate/colleges/eberly-science/biochemistry-molecular-biology-minor/
Biochemistry and Molecular Biology Minor,33,BMB 401,General Biochemistry,3,Mandatory,"A grade of C or better is required for all courses in the minor, as specified by Senate Policy 59-10. In addition, at least six credits of the minor must be unique from the prescribed courses required by a student's major(s).; Note: BMB 408 and BMB 496 may not be used to fulfill requirements for the minor.",https://bulletins.psu.edu/undergraduate/colleges/eberly-science/biochemistry-molecular-biology-minor/
Biochemistry and Molecular Biology Minor,33,BIOL 222,Genetics,3,Mandatory,"A grade of C or better is required for all courses in the minor, as specified by Senate Policy 59-10. In addition, at least six credits of the minor must be unique from the prescribed courses required by a student's major(s).; Note: BMB 408 and BMB 496 may not be used to fulfill requirements for the minor.",https://bulletins.psu.edu/undergraduate/colleges/eberly-science/biochemistry-molecular-biology-minor/
Biochemistry and Molecular Biology Minor,33,CHEM 112,Chemical Principles II,3,Mandatory,"A grade of C or better is required for all courses in the minor, as specified by Senate Policy 59-10. In addition, at least six credits of the minor must be unique from the prescribed courses required by a student's major(s).; Note: BMB 408 and BMB 496 may not be used to fulfill requirements for the minor.",https://bulletins.psu.edu/undergraduate/colleges/eberly-science/biochemistry-molecular-biology-minor/
Biochemistry and Molecular Biology Minor,33,BMB 400,Molecular Biology of the Gene,2-3,Mandatory,"A grade of C or better is required for all courses in the minor, as specified by Senate Policy 59-10. In addition, at least six credits of the minor must be unique from the prescribed courses required by a student's major(s).; Note: BMB 408 and BMB 496 may not be used to fulfill requirements for the minor.",https://bulletins.psu.edu/undergraduate/colleges/eberly-science/biochemistry-molecular-biology-minor/
Biochemistry and Molecular Biology Minor,33,,Select 0-3 credits of B M B courses at the 400-level,,Select 0 Credits,"A grade of C or better is required for all courses in the minor, as specified by Senate Policy 59-10. In addition, at least six credits of the minor must be unique from the prescribed courses required by a student's major(s).; Note: BMB 408 and BMB 496 may not be used to fulfill requirements for the minor.",https://bulletins.psu.edu/undergraduate/colleges/eberly-science/biochemistry-molecular-biology-minor/
