Minor,Total_Credits,Course_Code,Course_Title,Credits,Type,Program_Policies,URL
"Biomedical Engineering, Minor",18,BIOL 141,N/A,,Select 3 Credits,"A grade of C or better is required for all courses in the minor, as specified by Senate Policy 59-10. In addition, at least six credits of the minor must be unique from the prescribed courses required by a student's major(s).",https://bulletins.psu.edu/undergraduate/colleges/engineering/biomedical-engineering-minor/
"Biomedical Engineering, Minor",18,BIOL 240W,N/A,,Select 3 Credits,"A grade of C or better is required for all courses in the minor, as specified by Senate Policy 59-10. In addition, at least six credits of the minor must be unique from the prescribed courses required by a student's major(s).",https://bulletins.psu.edu/undergraduate/colleges/engineering/biomedical-engineering-minor/
"Biomedical Engineering, Minor",18,BIOL 472,N/A,,Select 3 Credits,"A grade of C or better is required for all courses in the minor, as specified by Senate Policy 59-10. In addition, at least six credits of the minor must be unique from the prescribed courses required by a student's major(s).",https://bulletins.psu.edu/undergraduate/colleges/engineering/biomedical-engineering-minor/
"Biomedical Engineering, Minor",18,BIOL 230W,N/A,,Select 3 Credits,"A grade of C or better is required for all courses in the minor, as specified by Senate Policy 59-10. In addition, at least six credits of the minor must be unique from the prescribed courses required by a student's major(s).",https://bulletins.psu.edu/undergraduate/colleges/engineering/biomedical-engineering-minor/
"Biomedical Engineering, Minor",18,BMB 251,N/A,,Select 3 Credits,"A grade of C or better is required for all courses in the minor, as specified by Senate Policy 59-10. In addition, at least six credits of the minor must be unique from the prescribed courses required by a student's major(s).",https://bulletins.psu.edu/undergraduate/colleges/engineering/biomedical-engineering-minor/
"Biomedical Engineering, Minor",18,BME 201,N/A,,Select 3 Credits,"A grade of C or better is required for all courses in the minor, as specified by Senate Policy 59-10. In addition, at least six credits of the minor must be unique from the prescribed courses required by a student's major(s).",https://bulletins.psu.edu/undergraduate/colleges/engineering/biomedical-engineering-minor/
"Biomedical Engineering, Minor",18,,"Select 9-12 credits of Biomedical Engineering (BME) coursework from 3-credit courses at the 400, or 500 level",,Select 9 Credits,"A grade of C or better is required for all courses in the minor, as specified by Senate Policy 59-10. In addition, at least six credits of the minor must be unique from the prescribed courses required by a student's major(s).",https://bulletins.psu.edu/undergraduate/colleges/engineering/biomedical-engineering-minor/
"Biomedical Engineering, Minor",18,,Select 0-3 credits of electives from Biomedical Engineering-related courses (department list),,Select 0 Credits,"A grade of C or better is required for all courses in the minor, as specified by Senate Policy 59-10. In addition, at least six credits of the minor must be unique from the prescribed courses required by a student's major(s).",https://bulletins.psu.edu/undergraduate/colleges/engineering/biomedical-engineering-minor/
