Minor,Total_Credits,Course_Code,Course_Title,Credits,Type,Program_Policies,URL
Black Diaspora Studies Minor,18,AFAM/HIST 211,Slavery and Freedom in the Black Atlantic,3,Mandatory,"A grade of C or better is required for all courses in the minor, as specified by Senate Policy 59-10. In addition, at least six credits of the minor must be unique from the prescribed courses required by a student's major(s).",https://bulletins.psu.edu/undergraduate/colleges/liberal-arts/black-diaspora-studies-minor/
Black Diaspora Studies Minor,18,AFAM 100N,Black Freedom Struggles,3,Mandatory,"A grade of C or better is required for all courses in the minor, as specified by Senate Policy 59-10. In addition, at least six credits of the minor must be unique from the prescribed courses required by a student's major(s).",https://bulletins.psu.edu/undergraduate/colleges/liberal-arts/black-diaspora-studies-minor/
Black Diaspora Studies Minor,18,AFR 110,,3,Mandatory,"A grade of C or better is required for all courses in the minor, as specified by Senate Policy 59-10. In addition, at least six credits of the minor must be unique from the prescribed courses required by a student's major(s).",https://bulletins.psu.edu/undergraduate/colleges/liberal-arts/black-diaspora-studies-minor/
Black Diaspora Studies Minor,18,AFAM 132,N/A,,Select 9 Credits,"A grade of C or better is required for all courses in the minor, as specified by Senate Policy 59-10. In addition, at least six credits of the minor must be unique from the prescribed courses required by a student's major(s).",https://bulletins.psu.edu/undergraduate/colleges/liberal-arts/black-diaspora-studies-minor/
Black Diaspora Studies Minor,18,AFAM 250,N/A,,Select 9 Credits,"A grade of C or better is required for all courses in the minor, as specified by Senate Policy 59-10. In addition, at least six credits of the minor must be unique from the prescribed courses required by a student's major(s).",https://bulletins.psu.edu/undergraduate/colleges/liberal-arts/black-diaspora-studies-minor/
Black Diaspora Studies Minor,18,AFAM 431,N/A,,Select 9 Credits,"A grade of C or better is required for all courses in the minor, as specified by Senate Policy 59-10. In addition, at least six credits of the minor must be unique from the prescribed courses required by a student's major(s).",https://bulletins.psu.edu/undergraduate/colleges/liberal-arts/black-diaspora-studies-minor/
Black Diaspora Studies Minor,18,AFAM 432,N/A,,Select 9 Credits,"A grade of C or better is required for all courses in the minor, as specified by Senate Policy 59-10. In addition, at least six credits of the minor must be unique from the prescribed courses required by a student's major(s).",https://bulletins.psu.edu/undergraduate/colleges/liberal-arts/black-diaspora-studies-minor/
Black Diaspora Studies Minor,18,AFR 191,N/A,,Select 9 Credits,"A grade of C or better is required for all courses in the minor, as specified by Senate Policy 59-10. In addition, at least six credits of the minor must be unique from the prescribed courses required by a student's major(s).",https://bulletins.psu.edu/undergraduate/colleges/liberal-arts/black-diaspora-studies-minor/
Black Diaspora Studies Minor,18,AFR 440,N/A,,Select 9 Credits,"A grade of C or better is required for all courses in the minor, as specified by Senate Policy 59-10. In addition, at least six credits of the minor must be unique from the prescribed courses required by a student's major(s).",https://bulletins.psu.edu/undergraduate/colleges/liberal-arts/black-diaspora-studies-minor/
Black Diaspora Studies Minor,18,PLSC 453,N/A,,Select 9 Credits,"A grade of C or better is required for all courses in the minor, as specified by Senate Policy 59-10. In addition, at least six credits of the minor must be unique from the prescribed courses required by a student's major(s).",https://bulletins.psu.edu/undergraduate/colleges/liberal-arts/black-diaspora-studies-minor/
