Certificate,Total_Credits,Course_Code,Course_Title,Credits,Type,Program_Policies,URL
Health Policy,15,HPA 210,,3,Mandatory,"To earn an undergraduate certificate in Health Policy, a minimum of 15 credits is required.",https://bulletins.psu.edu/undergraduate/colleges/health-human-development/health-policy-certificate/
Health Policy,15,HPA 311,,3,Mandatory,"To earn an undergraduate certificate in Health Policy, a minimum of 15 credits is required.",https://bulletins.psu.edu/undergraduate/colleges/health-human-development/health-policy-certificate/
Health Policy,15,HPA 101,,3,Mandatory,"To earn an undergraduate certificate in Health Policy, a minimum of 15 credits is required.",https://bulletins.psu.edu/undergraduate/colleges/health-human-development/health-policy-certificate/
Health Policy,15,HPA 200,,3,Mandatory,"To earn an undergraduate certificate in Health Policy, a minimum of 15 credits is required.",https://bulletins.psu.edu/undergraduate/colleges/health-human-development/health-policy-certificate/
Health Policy,15,HPA 301,,3,Mandatory,"To earn an undergraduate certificate in Health Policy, a minimum of 15 credits is required.",https://bulletins.psu.edu/undergraduate/colleges/health-human-development/health-policy-certificate/
