Certificate,Total_Credits,Course_Code,Course_Title,Credits,Type,Program_Policies,URL
Health Care Administration,15,HPA 211,,3,Mandatory,"To earn an undergraduate certificate in Health Care Administration, a minimum of 15 credits is required.",https://bulletins.psu.edu/undergraduate/colleges/health-human-development/health-care-administration-certificate/
Health Care Administration,15,HPA 210,,3,Mandatory,"To earn an undergraduate certificate in Health Care Administration, a minimum of 15 credits is required.",https://bulletins.psu.edu/undergraduate/colleges/health-human-development/health-care-administration-certificate/
Health Care Administration,15,HPA 101,,3,Mandatory,"To earn an undergraduate certificate in Health Care Administration, a minimum of 15 credits is required.",https://bulletins.psu.edu/undergraduate/colleges/health-human-development/health-care-administration-certificate/
Health Care Administration,15,HPA 200,,3,Mandatory,"To earn an undergraduate certificate in Health Care Administration, a minimum of 15 credits is required.",https://bulletins.psu.edu/undergraduate/colleges/health-human-development/health-care-administration-certificate/
Health Care Administration,15,HPA 332,,3,Mandatory,"To earn an undergraduate certificate in Health Care Administration, a minimum of 15 credits is required.",https://bulletins.psu.edu/undergraduate/colleges/health-human-development/health-care-administration-certificate/
