Certificate,Total_Credits,Course_Code,Course_Title,Credits,Type,Program_Policies,URL
Nanotechnology,18,ESC 211,,3,Mandatory,"To earn an undergraduate certificate in Nanotechnology, a minimum of 18 credits is required.; Prerequisites Required.",https://bulletins.psu.edu/undergraduate/colleges/engineering/nanotechnology-certificate/
Nanotechnology,18,ESC 213,,3,Mandatory,"To earn an undergraduate certificate in Nanotechnology, a minimum of 18 credits is required.; Prerequisites Required.",https://bulletins.psu.edu/undergraduate/colleges/engineering/nanotechnology-certificate/
Nanotechnology,18,ESC 212,,3,Mandatory,"To earn an undergraduate certificate in Nanotechnology, a minimum of 18 credits is required.; Prerequisites Required.",https://bulletins.psu.edu/undergraduate/colleges/engineering/nanotechnology-certificate/
Nanotechnology,18,ESC 215,,3,Mandatory,"To earn an undergraduate certificate in Nanotechnology, a minimum of 18 credits is required.; Prerequisites Required.",https://bulletins.psu.edu/undergraduate/colleges/engineering/nanotechnology-certificate/
Nanotechnology,18,ESC 214,,3,Mandatory,"To earn an undergraduate certificate in Nanotechnology, a minimum of 18 credits is required.; Prerequisites Required.",https://bulletins.psu.edu/undergraduate/colleges/engineering/nanotechnology-certificate/
Nanotechnology,18,ESC 216,,3,Mandatory,"To earn an undergraduate certificate in Nanotechnology, a minimum of 18 credits is required.; Prerequisites Required.",https://bulletins.psu.edu/undergraduate/colleges/engineering/nanotechnology-certificate/
