Certificate,Total_Credits,Course_Code,Course_Title,Credits,Type,Program_Policies,URL
Nursing Management,12,NURS 430,,3,Mandatory,"To earn an undergraduate certificate in Nursing Management, a minimum of 12 credits is required.; Prerequisites Required.",https://bulletins.psu.edu/undergraduate/colleges/nursing/nursing-management-certificate/
Nursing Management,12,NURS 432,,3,Mandatory,"To earn an undergraduate certificate in Nursing Management, a minimum of 12 credits is required.; Prerequisites Required.",https://bulletins.psu.edu/undergraduate/colleges/nursing/nursing-management-certificate/
Nursing Management,12,NURS 431,,3,Mandatory,"To earn an undergraduate certificate in Nursing Management, a minimum of 12 credits is required.; Prerequisites Required.",https://bulletins.psu.edu/undergraduate/colleges/nursing/nursing-management-certificate/
Nursing Management,12,NURS 433,,3,Mandatory,"To earn an undergraduate certificate in Nursing Management, a minimum of 12 credits is required.; Prerequisites Required.",https://bulletins.psu.edu/undergraduate/colleges/nursing/nursing-management-certificate/
