major,course_code,course_title,credits,Mandatory,Select,Academic_Plan,year,semester,url
Agricultural and Biorenewable Systems Management B.S.,ABSM 310|ABSM 320|ABSM 327|ABSM 402|ABSM 411|ABSM 417|ABSM 420|ABSM 423|ABSM 424|ABSM 496,,12.0,1,0,1,,,https://bulletins.psu.edu/undergraduate/colleges/agricultural-sciences/agricultural-biorenewable-systems-management-bs/
Agricultural and Biorenewable Systems Management B.S.,ABSM 310|ABSM 320|ABSM 327|ABSM 402|ABSM 411|ABSM 417|ABSM 420|ABSM 423|ABSM 424|ABSM 496,,12.0,1,0,1,,,https://bulletins.psu.edu/undergraduate/colleges/agricultural-sciences/agricultural-biorenewable-systems-management-bs/
Agricultural and Biorenewable Systems Management B.S.,ABSM 310|ABSM 320|ABSM 327|ABSM 402|ABSM 411|ABSM 417|ABSM 420|ABSM 423|ABSM 424|ABSM 496,,12.0,1,0,1,,,https://bulletins.psu.edu/undergraduate/colleges/agricultural-sciences/agricultural-biorenewable-systems-management-bs/
Agricultural and Biorenewable Systems Management B.S.,ABSM 310|ABSM 320|ABSM 327|ABSM 402|ABSM 411|ABSM 417|ABSM 420|ABSM 423|ABSM 424|ABSM 496,,12.0,1,0,1,,,https://bulletins.psu.edu/undergraduate/colleges/agricultural-sciences/agricultural-biorenewable-systems-management-bs/
Agricultural and Biorenewable Systems Management B.S.,ECON  102,or †,3,0,0,1,Second Year,Fall,https://bulletins.psu.edu/undergraduate/colleges/agricultural-sciences/agricultural-biorenewable-systems-management-bs/
Agricultural and Biorenewable Systems Management B.S.,ABSM 431W,,2,1,0,1,Fourth Year,Spring,https://bulletins.psu.edu/undergraduate/colleges/agricultural-sciences/agricultural-biorenewable-systems-management-bs/
Agricultural and Biorenewable Systems Management B.S.,ABSM 430W,,1,1,0,1,Fourth Year,Fall,https://bulletins.psu.edu/undergraduate/colleges/agricultural-sciences/agricultural-biorenewable-systems-management-bs/
Agricultural and Biorenewable Systems Management B.S.,AGBM  302,,3,0,0,1,Third Year,Spring,https://bulletins.psu.edu/undergraduate/colleges/agricultural-sciences/agricultural-biorenewable-systems-management-bs/
Agricultural and Biorenewable Systems Management B.S.,ACCTG 211,,4,1,0,1,,Spring,https://bulletins.psu.edu/undergraduate/colleges/agricultural-sciences/agricultural-biorenewable-systems-management-bs/
Agricultural and Biorenewable Systems Management B.S.,EDSGN 100,,3,1,0,1,,Fall,https://bulletins.psu.edu/undergraduate/colleges/agricultural-sciences/agricultural-biorenewable-systems-management-bs/
Agricultural and Biorenewable Systems Management B.S.,CHEM 111,; †,1,1,0,1,,Spring,https://bulletins.psu.edu/undergraduate/colleges/agricultural-sciences/agricultural-biorenewable-systems-management-bs/
Agricultural and Biorenewable Systems Management B.S.,AGBM 302,,3,0,1,0,,,https://bulletins.psu.edu/undergraduate/colleges/agricultural-sciences/agricultural-biorenewable-systems-management-bs/
Agricultural and Biorenewable Systems Management B.S.,ABSM 490,,1,1,0,0,,,https://bulletins.psu.edu/undergraduate/colleges/agricultural-sciences/agricultural-biorenewable-systems-management-bs/
Agricultural and Biorenewable Systems Management B.S.,CAS 100B,,3,0,1,0,,,https://bulletins.psu.edu/undergraduate/colleges/agricultural-sciences/agricultural-biorenewable-systems-management-bs/
Agricultural and Biorenewable Systems Management B.S.,MATH 110,; or  140‡†,4,1,0,1,,Fall,https://bulletins.psu.edu/undergraduate/colleges/agricultural-sciences/agricultural-biorenewable-systems-management-bs/
Agricultural and Biorenewable Systems Management B.S.,BIOL 110,; or  11 and  12†,3; 4,0,1,1,Second Year,Fall,https://bulletins.psu.edu/undergraduate/colleges/agricultural-sciences/agricultural-biorenewable-systems-management-bs/
Agricultural and Biorenewable Systems Management B.S.,ECON 104,; †,3,0,1,1,,Fall,https://bulletins.psu.edu/undergraduate/colleges/agricultural-sciences/agricultural-biorenewable-systems-management-bs/
Agricultural and Biorenewable Systems Management B.S.,PHYS 250,; or  211†,3; 4,0,1,1,,Spring,https://bulletins.psu.edu/undergraduate/colleges/agricultural-sciences/agricultural-biorenewable-systems-management-bs/
Agricultural and Biorenewable Systems Management B.S.,ECON 102,,3,0,1,0,,,https://bulletins.psu.edu/undergraduate/colleges/agricultural-sciences/agricultural-biorenewable-systems-management-bs/
Agricultural and Biorenewable Systems Management B.S.,PHYS 211,,4,1,0,0,,,https://bulletins.psu.edu/undergraduate/colleges/agricultural-sciences/agricultural-biorenewable-systems-management-bs/
Agricultural and Biorenewable Systems Management B.S.,STAT 200,; or  240‡†,34; 3,1,0,1,Second Year,Fall,https://bulletins.psu.edu/undergraduate/colleges/agricultural-sciences/agricultural-biorenewable-systems-management-bs/
Agricultural and Biorenewable Systems Management B.S.,AGBM 106,,3,1,0,1,Third Year,Fall,https://bulletins.psu.edu/undergraduate/colleges/agricultural-sciences/agricultural-biorenewable-systems-management-bs/
Agricultural and Biorenewable Systems Management B.S.,ABSM 300,,3,1,0,1,Third Year,Fall,https://bulletins.psu.edu/undergraduate/colleges/agricultural-sciences/agricultural-biorenewable-systems-management-bs/
Agricultural and Biorenewable Systems Management B.S.,ABSM 301,,3,1,0,1,Third Year,Fall,https://bulletins.psu.edu/undergraduate/colleges/agricultural-sciences/agricultural-biorenewable-systems-management-bs/
Agricultural and Biorenewable Systems Management B.S.,STAT 240,,3,0,1,0,,,https://bulletins.psu.edu/undergraduate/colleges/agricultural-sciences/agricultural-biorenewable-systems-management-bs/
Agricultural and Biorenewable Systems Management B.S.,STAT 250,,3,0,1,0,,,https://bulletins.psu.edu/undergraduate/colleges/agricultural-sciences/agricultural-biorenewable-systems-management-bs/
Agricultural and Biorenewable Systems Management B.S.,MATH 140,,3,0,1,0,,,https://bulletins.psu.edu/undergraduate/colleges/agricultural-sciences/agricultural-biorenewable-systems-management-bs/
Agricultural and Biorenewable Systems Management B.S.,ABSM 350,,3,1,0,1,Third Year,Fall,https://bulletins.psu.edu/undergraduate/colleges/agricultural-sciences/agricultural-biorenewable-systems-management-bs/
Agricultural and Biorenewable Systems Management B.S.,AGBM 101,,3,1,0,0,,,https://bulletins.psu.edu/undergraduate/colleges/agricultural-sciences/agricultural-biorenewable-systems-management-bs/
Agricultural and Biorenewable Systems Management B.S.,ABSM 392,; ‡†,2,1,0,1,Third Year,Spring,https://bulletins.psu.edu/undergraduate/colleges/agricultural-sciences/agricultural-biorenewable-systems-management-bs/
Agricultural and Biorenewable Systems Management B.S.,ABSM 422,,3,1,0,1,Fourth Year,Fall,https://bulletins.psu.edu/undergraduate/colleges/agricultural-sciences/agricultural-biorenewable-systems-management-bs/
Agricultural and Biorenewable Systems Management B.S.,CAS 100A,; or  100B‡†,3,1,0,1,Second Year,Fall,https://bulletins.psu.edu/undergraduate/colleges/agricultural-sciences/agricultural-biorenewable-systems-management-bs/
Agricultural and Biorenewable Systems Management B.S.,ABSM 426,,3,1,0,1,Fourth Year,Spring,https://bulletins.psu.edu/undergraduate/colleges/agricultural-sciences/agricultural-biorenewable-systems-management-bs/
Agricultural and Biorenewable Systems Management B.S.,ABSM 428,,3,1,0,1,Fourth Year,Fall,https://bulletins.psu.edu/undergraduate/colleges/agricultural-sciences/agricultural-biorenewable-systems-management-bs/
Agricultural and Biorenewable Systems Management B.S.,ABSM 429,,3,1,0,1,Fourth Year,Fall,https://bulletins.psu.edu/undergraduate/colleges/agricultural-sciences/agricultural-biorenewable-systems-management-bs/
Agricultural and Biorenewable Systems Management B.S.,ABSM 391,; ‡†,2,1,0,1,Third Year,Fall,https://bulletins.psu.edu/undergraduate/colleges/agricultural-sciences/agricultural-biorenewable-systems-management-bs/
Agricultural and Biorenewable Systems Management B.S.,CHEM 110,; †,3,1,0,1,,Fall,https://bulletins.psu.edu/undergraduate/colleges/agricultural-sciences/agricultural-biorenewable-systems-management-bs/
Agricultural and Biorenewable Systems Management B.S.,BIOL 12,&,4,1,0,0,,,https://bulletins.psu.edu/undergraduate/colleges/agricultural-sciences/agricultural-biorenewable-systems-management-bs/
Agricultural and Biorenewable Systems Management B.S.,ENGL 15,; ‡†,3,1,0,1,,Spring,https://bulletins.psu.edu/undergraduate/colleges/agricultural-sciences/agricultural-biorenewable-systems-management-bs/
Agricultural and Biorenewable Systems Management B.S.,BA  243,", ,",3,0,0,1,Second Year,Spring,https://bulletins.psu.edu/undergraduate/colleges/agricultural-sciences/agricultural-biorenewable-systems-management-bs/
Agricultural and Biorenewable Systems Management B.S.,BA  242,", ,",3,0,0,1,Second Year,Spring,https://bulletins.psu.edu/undergraduate/colleges/agricultural-sciences/agricultural-biorenewable-systems-management-bs/
Agricultural and Biorenewable Systems Management B.S.,BA  241,", ,",3,0,0,1,Second Year,Spring,https://bulletins.psu.edu/undergraduate/colleges/agricultural-sciences/agricultural-biorenewable-systems-management-bs/
Agricultural and Biorenewable Systems Management B.S.,EBF 200,,3,1,0,0,,,https://bulletins.psu.edu/undergraduate/colleges/agricultural-sciences/agricultural-biorenewable-systems-management-bs/
Agricultural and Biorenewable Systems Management B.S.,BA 303,,3,1,0,0,,,https://bulletins.psu.edu/undergraduate/colleges/agricultural-sciences/agricultural-biorenewable-systems-management-bs/
