major,course_code,course_title,credits,Mandatory,Select,Academic_Plan,year,semester,url
Architectural Engineering B.A.,ARTH 202N,; †,3,1,0,1,,Spring,https://bulletins.psu.edu/undergraduate/colleges/engineering/architectural-engineering-bae/
Architectural Engineering B.A.,EDSGN 100,,3,1,0,1,,Spring,https://bulletins.psu.edu/undergraduate/colleges/engineering/architectural-engineering-bae/
Architectural Engineering B.A.,ENGL 202C,; ‡†,3,1,0,1,Fifth Year,Fall,https://bulletins.psu.edu/undergraduate/colleges/engineering/architectural-engineering-bae/
Architectural Engineering B.A.,LARCH  60,or  †,3,0,0,1,Third Year,Spring,https://bulletins.psu.edu/undergraduate/colleges/engineering/architectural-engineering-bae/
Architectural Engineering B.A.,ARCH 130B,,3,1,0,1,Second Year,Spring,https://bulletins.psu.edu/undergraduate/colleges/engineering/architectural-engineering-bae/
Architectural Engineering B.A.,ARCH 130A,,3,1,0,1,Second Year,Fall,https://bulletins.psu.edu/undergraduate/colleges/engineering/architectural-engineering-bae/
Architectural Engineering B.A.,MATH 230,,3,0,1,0,,,https://bulletins.psu.edu/undergraduate/colleges/engineering/architectural-engineering-bae/
Architectural Engineering B.A.,LARCH 60,,3,0,1,0,,,https://bulletins.psu.edu/undergraduate/colleges/engineering/architectural-engineering-bae/
Architectural Engineering B.A.,CHEM 111,,1,1,0,1,,Fall,https://bulletins.psu.edu/undergraduate/colleges/engineering/architectural-engineering-bae/
Architectural Engineering B.A.,ECON 102,or  104 †,3,0,0,1,,Fall,https://bulletins.psu.edu/undergraduate/colleges/engineering/architectural-engineering-bae/
Architectural Engineering B.A.,EMCH 211,,3,1,0,1,Second Year,Fall,https://bulletins.psu.edu/undergraduate/colleges/engineering/architectural-engineering-bae/
Architectural Engineering B.A.,EMCH 212,,3,1,0,1,Third Year,Spring,https://bulletins.psu.edu/undergraduate/colleges/engineering/architectural-engineering-bae/
Architectural Engineering B.A.,EMCH 213,,3,1,0,1,Second Year,Spring,https://bulletins.psu.edu/undergraduate/colleges/engineering/architectural-engineering-bae/
Architectural Engineering B.A.,CHEM 110,; †,3,1,0,1,,Fall,https://bulletins.psu.edu/undergraduate/colleges/engineering/architectural-engineering-bae/
Architectural Engineering B.A.,CAS 100A,or  100B ‡†,3,0,0,1,,Spring,https://bulletins.psu.edu/undergraduate/colleges/engineering/architectural-engineering-bae/
Architectural Engineering B.A.,MATH 141,; or  141E ‡†,4,1,0,1,,Spring,https://bulletins.psu.edu/undergraduate/colleges/engineering/architectural-engineering-bae/
Architectural Engineering B.A.,MATH 220,,3,1,0,1,Third Year,Fall,https://bulletins.psu.edu/undergraduate/colleges/engineering/architectural-engineering-bae/
Architectural Engineering B.A.,ARCH 100,,3,1,0,0,,,https://bulletins.psu.edu/undergraduate/colleges/engineering/architectural-engineering-bae/
Architectural Engineering B.A.,MATH 251,,3,0,1,0,,,https://bulletins.psu.edu/undergraduate/colleges/engineering/architectural-engineering-bae/
Architectural Engineering B.A.,MGMT 326,,3,0,0,1,Fourth Year,Fall,https://bulletins.psu.edu/undergraduate/colleges/engineering/architectural-engineering-bae/
Architectural Engineering B.A.,PHYS 211,; †,4,1,0,1,,Spring,https://bulletins.psu.edu/undergraduate/colleges/engineering/architectural-engineering-bae/
Architectural Engineering B.A.,PHYS 212,,4,1,0,1,Second Year,Spring,https://bulletins.psu.edu/undergraduate/colleges/engineering/architectural-engineering-bae/
Architectural Engineering B.A.,PHYS 213,,2,1,0,0,,,https://bulletins.psu.edu/undergraduate/colleges/engineering/architectural-engineering-bae/
Architectural Engineering B.A.,MATH 140,,4,1,0,0,,,https://bulletins.psu.edu/undergraduate/colleges/engineering/architectural-engineering-bae/
Architectural Engineering B.A.,STAT 401,,3,1,0,0,,,https://bulletins.psu.edu/undergraduate/colleges/engineering/architectural-engineering-bae/
Architectural Engineering B.A.,ARCH 441,,3,1,0,1,Fourth Year,Fall,https://bulletins.psu.edu/undergraduate/colleges/engineering/architectural-engineering-bae/
Architectural Engineering B.A.,MATH 231,,24; 2,1,0,1,Third Year,Fall,https://bulletins.psu.edu/undergraduate/colleges/engineering/architectural-engineering-bae/
Architectural Engineering B.A.,MATH 250,,34; 3,1,0,1,Second Year,Fall,https://bulletins.psu.edu/undergraduate/colleges/engineering/architectural-engineering-bae/
Architectural Engineering B.A.,ENGL 15,",  30H,",3,0,0,1,,Fall,https://bulletins.psu.edu/undergraduate/colleges/engineering/architectural-engineering-bae/
Architectural Engineering B.A.,ESL  15,", ,",3,0,0,1,,Fall,https://bulletins.psu.edu/undergraduate/colleges/engineering/architectural-engineering-bae/
Architectural Engineering B.A.,AE 481W,,4,1,0,1,Fifth Year,Fall,https://bulletins.psu.edu/undergraduate/colleges/engineering/architectural-engineering-bae/
Architectural Engineering B.A.,IE  424,,3,0,0,1,Fourth Year,Spring,https://bulletins.psu.edu/undergraduate/colleges/engineering/architectural-engineering-bae/
Architectural Engineering B.A.,CE 209,,2,0,0,1,Fifth Year,Fall,https://bulletins.psu.edu/undergraduate/colleges/engineering/architectural-engineering-bae/
Architectural Engineering B.A.,AE 310,,3,1,0,1,Third Year,Fall,https://bulletins.psu.edu/undergraduate/colleges/engineering/architectural-engineering-bae/
Architectural Engineering B.A.,AE 309,,3,1,0,1,Third Year,Fall,https://bulletins.psu.edu/undergraduate/colleges/engineering/architectural-engineering-bae/
Architectural Engineering B.A.,ME 201,,3,1,0,0,,,https://bulletins.psu.edu/undergraduate/colleges/engineering/architectural-engineering-bae/
Architectural Engineering B.A.,ME 300,,3,0,1,0,,,https://bulletins.psu.edu/undergraduate/colleges/engineering/architectural-engineering-bae/
Architectural Engineering B.A.,AE 308,,4,1,0,1,Third Year,Fall,https://bulletins.psu.edu/undergraduate/colleges/engineering/architectural-engineering-bae/
Architectural Engineering B.A.,AE 372,,3,1,0,1,Third Year,Spring,https://bulletins.psu.edu/undergraduate/colleges/engineering/architectural-engineering-bae/
Architectural Engineering B.A.,AE 240,,3,1,0,1,Second Year,Spring,https://bulletins.psu.edu/undergraduate/colleges/engineering/architectural-engineering-bae/
Architectural Engineering B.A.,AE 222,,3,1,0,1,Second Year,Spring,https://bulletins.psu.edu/undergraduate/colleges/engineering/architectural-engineering-bae/
Architectural Engineering B.A.,AE 221,,3,1,0,1,Second Year,Fall,https://bulletins.psu.edu/undergraduate/colleges/engineering/architectural-engineering-bae/
Architectural Engineering B.A.,AE 311,,3,1,0,1,Third Year,Spring,https://bulletins.psu.edu/undergraduate/colleges/engineering/architectural-engineering-bae/
Architectural Engineering B.A.,AE 475,,3,0,0,1,Fourth Year,Fall,https://bulletins.psu.edu/undergraduate/colleges/engineering/architectural-engineering-bae/
Architectural Engineering B.A.,AE 404,,3,0,0,1,Fourth Year,Fall,https://bulletins.psu.edu/undergraduate/colleges/engineering/architectural-engineering-bae/
Architectural Engineering B.A.,AE 405,,4,0,0,1,Fourth Year,Spring,https://bulletins.psu.edu/undergraduate/colleges/engineering/architectural-engineering-bae/
Architectural Engineering B.A.,AE 441,,1,1,0,1,Fourth Year,Fall,https://bulletins.psu.edu/undergraduate/colleges/engineering/architectural-engineering-bae/
Architectural Engineering B.A.,AE 202,,3,1,0,1,Second Year,Fall,https://bulletins.psu.edu/undergraduate/colleges/engineering/architectural-engineering-bae/
Architectural Engineering B.A.,AE 473,,3,0,0,1,Fifth Year,Fall,https://bulletins.psu.edu/undergraduate/colleges/engineering/architectural-engineering-bae/
Architectural Engineering B.A.,IE 424,,3,0,1,0,,,https://bulletins.psu.edu/undergraduate/colleges/engineering/architectural-engineering-bae/
Architectural Engineering B.A.,AE 476,,3,0,0,1,Fourth Year,Spring,https://bulletins.psu.edu/undergraduate/colleges/engineering/architectural-engineering-bae/
Architectural Engineering B.A.,AE 477,,3,0,0,1,Fourth Year,Spring,https://bulletins.psu.edu/undergraduate/colleges/engineering/architectural-engineering-bae/
Architectural Engineering B.A.,AE 482,,4,1,0,1,Fifth Year,Spring,https://bulletins.psu.edu/undergraduate/colleges/engineering/architectural-engineering-bae/
Architectural Engineering B.A.,AE 472,,3,0,0,1,Fourth Year,Spring,https://bulletins.psu.edu/undergraduate/colleges/engineering/architectural-engineering-bae/
Architectural Engineering B.A.,AE 124,†,1,0,0,1,,Fall,https://bulletins.psu.edu/undergraduate/colleges/engineering/architectural-engineering-bae/
