major,course_code,course_title,credits,Mandatory,Select,Academic_Plan,year,semester,url
Computer Science B.S.,CMPEN 362|CMPEN 431|CMPEN 454|CMPSC 442|CMPSC 443|CMPSC 444|CMPSC 450|CMPSC 451|CMPSC 455|CMPSC 456|CMPSC 458|CMPSC 467|CMPSC 471|CMPSC 475|EE 456,,6.0,0,1,1,,,https://bulletins.psu.edu/undergraduate/colleges/engineering/computer-science-bs/
Computer Science B.S.,CMPEN 362|CMPEN 431|CMPEN 454|CMPSC 442|CMPSC 443|CMPSC 444|CMPSC 450|CMPSC 451|CMPSC 455|CMPSC 456|CMPSC 458|CMPSC 467|CMPSC 471|CMPSC 475|EE 456,,6.0,0,1,1,,,https://bulletins.psu.edu/undergraduate/colleges/engineering/computer-science-bs/
Computer Science B.S.,STAT 318 | MATH 318,,3.0,0,1,0,,,https://bulletins.psu.edu/undergraduate/colleges/engineering/computer-science-bs/
Computer Science B.S.,STAT 415 | MATH 415,,3.0,0,1,0,,,https://bulletins.psu.edu/undergraduate/colleges/engineering/computer-science-bs/
Computer Science B.S.,STAT 418 | MATH 418,,3.0,0,1,0,,,https://bulletins.psu.edu/undergraduate/colleges/engineering/computer-science-bs/
Computer Science B.S.,STAT 414 | MATH 414,,3.0,0,1,0,,,https://bulletins.psu.edu/undergraduate/colleges/engineering/computer-science-bs/
Computer Science B.S.,STAT 319 | MATH 319,,3.0,1,0,0,,,https://bulletins.psu.edu/undergraduate/colleges/engineering/computer-science-bs/
Computer Science B.S.,CMPSC 431W,,3.0,1,0,0,,,https://bulletins.psu.edu/undergraduate/colleges/engineering/computer-science-bs/
Computer Science B.S.,CMPSC 483W,; or  431W,3.0,0,1,1,Fourth Year,Fall,https://bulletins.psu.edu/undergraduate/colleges/engineering/computer-science-bs/
Computer Science B.S.,CMPSC 122,; or  132,3.0,1,0,1,,Spring,https://bulletins.psu.edu/undergraduate/colleges/engineering/computer-science-bs/
Computer Science B.S.,ENGL 137H,,3.0,0,1,0,,,https://bulletins.psu.edu/undergraduate/colleges/engineering/computer-science-bs/
Computer Science B.S.,ENGL 138T,,3.0,1,0,0,,,https://bulletins.psu.edu/undergraduate/colleges/engineering/computer-science-bs/
Computer Science B.S.,ENGL 202C,; ‡†,3.0,1,0,1,Third Year,Spring,https://bulletins.psu.edu/undergraduate/colleges/engineering/computer-science-bs/
Computer Science B.S.,CMPEN 331,,3.0,1,0,1,Third Year,Fall,https://bulletins.psu.edu/undergraduate/colleges/engineering/computer-science-bs/
Computer Science B.S.,CMPSC 464,,3.0,1,0,1,Third Year,Spring,https://bulletins.psu.edu/undergraduate/colleges/engineering/computer-science-bs/
Computer Science B.S.,CMPSC 473,,3.0,1,0,1,Third Year,Spring,https://bulletins.psu.edu/undergraduate/colleges/engineering/computer-science-bs/
Computer Science B.S.,CMPSC 465,,3.0,1,0,1,Third Year,Fall,https://bulletins.psu.edu/undergraduate/colleges/engineering/computer-science-bs/
Computer Science B.S.,CMPSC 461,,3.0,1,0,1,Third Year,Fall,https://bulletins.psu.edu/undergraduate/colleges/engineering/computer-science-bs/
Computer Science B.S.,CMPEN 271,or & CMPEN 275,3.0,0,1,0,,,https://bulletins.psu.edu/undergraduate/colleges/engineering/computer-science-bs/
Computer Science B.S.,CMPSC 311,,3.0,1,0,1,Second Year,Spring,https://bulletins.psu.edu/undergraduate/colleges/engineering/computer-science-bs/
Computer Science B.S.,CMPSC 221,,3.0,1,0,1,Second Year,Fall,https://bulletins.psu.edu/undergraduate/colleges/engineering/computer-science-bs/
Computer Science B.S.,CMPSC 132,,3.0,0,1,0,,,https://bulletins.psu.edu/undergraduate/colleges/engineering/computer-science-bs/
Computer Science B.S.,CMPEN 270,,4.0,1,0,1,Second Year,Spring,https://bulletins.psu.edu/undergraduate/colleges/engineering/computer-science-bs/
Computer Science B.S.,CMPSC 131,,3.0,0,1,0,,,https://bulletins.psu.edu/undergraduate/colleges/engineering/computer-science-bs/
Computer Science B.S.,CMPSC 121,; or  131‡,3.0,1,0,1,,Fall,https://bulletins.psu.edu/undergraduate/colleges/engineering/computer-science-bs/
Computer Science B.S.,CMPEN 275,or &,3.0,0,1,0,,,https://bulletins.psu.edu/undergraduate/colleges/engineering/computer-science-bs/
Computer Science B.S.,CMPSC 360,,3.0,1,0,1,Second Year,Spring,https://bulletins.psu.edu/undergraduate/colleges/engineering/computer-science-bs/
Computer Science B.S.,MATH 220,,23.0,1,0,1,Second Year,Fall,https://bulletins.psu.edu/undergraduate/colleges/engineering/computer-science-bs/
Computer Science B.S.,PHYS 212,; †,4.0,1,0,1,Second Year,Fall,https://bulletins.psu.edu/undergraduate/colleges/engineering/computer-science-bs/
Computer Science B.S.,CAS 100A,; or  100B ‡†,3.0,0,1,1,Second Year,Fall,https://bulletins.psu.edu/undergraduate/colleges/engineering/computer-science-bs/
Computer Science B.S.,MATH 140,; ‡†,4.0,1,0,1,,Fall,https://bulletins.psu.edu/undergraduate/colleges/engineering/computer-science-bs/
Computer Science B.S.,MATH 141,; ‡†,4.0,1,0,1,,Spring,https://bulletins.psu.edu/undergraduate/colleges/engineering/computer-science-bs/
Computer Science B.S.,CAS 100B,,3.0,0,1,0,,,https://bulletins.psu.edu/undergraduate/colleges/engineering/computer-science-bs/
Computer Science B.S.,MATH 230,,4.0,1,0,1,Second Year,Fall,https://bulletins.psu.edu/undergraduate/colleges/engineering/computer-science-bs/
Computer Science B.S.,PHYS 211,; †,4.0,1,0,1,,Spring,https://bulletins.psu.edu/undergraduate/colleges/engineering/computer-science-bs/
Computer Science B.S.,PHYS 214,,3.0,0,1,0,,,https://bulletins.psu.edu/undergraduate/colleges/engineering/computer-science-bs/
Computer Science B.S.,PHYS 213,,3.0,0,1,0,,,https://bulletins.psu.edu/undergraduate/colleges/engineering/computer-science-bs/
Computer Science B.S.,ENGL 15,; ‡,3.0,1,0,1,,Fall,https://bulletins.psu.edu/undergraduate/colleges/engineering/computer-science-bs/
