major,course_code,course_title,credits,Mandatory,Select,Academic_Plan,year,semester,url
Corporate Innovation and Entrepreneurship B.S.,MGMT 365|MGMT 420|MGMT 427|MGMT 480|MGMT 485|MGMT 486,,9.0,0,1,1,,,https://bulletins.psu.edu/undergraduate/colleges/smeal-business/corporate-innovation-entrepreneurship-bs/
Corporate Innovation and Entrepreneurship B.S.,MGMT 365|MGMT 420|MGMT 427|MGMT 480|MGMT 485|MGMT 486,,9.0,0,1,1,,,https://bulletins.psu.edu/undergraduate/colleges/smeal-business/corporate-innovation-entrepreneurship-bs/
Corporate Innovation and Entrepreneurship B.S.,MGMT 365|MGMT 420|MGMT 427|MGMT 480|MGMT 485|MGMT 486,,9.0,0,1,1,,,https://bulletins.psu.edu/undergraduate/colleges/smeal-business/corporate-innovation-entrepreneurship-bs/
Corporate Innovation and Entrepreneurship B.S.,ENGL 15|ENGL 30H|ENGL/CAS 137H|ESL 15,,3.0,1,0,1,,,https://bulletins.psu.edu/undergraduate/colleges/smeal-business/corporate-innovation-entrepreneurship-bs/
Corporate Innovation and Entrepreneurship B.S.,ENGL  137H,", , , ,",3.0,0,0,1,,Fall,https://bulletins.psu.edu/undergraduate/colleges/smeal-business/corporate-innovation-entrepreneurship-bs/
Corporate Innovation and Entrepreneurship B.S.,ENGL  138T,"CAS 100, ,",3.0,0,0,1,Second Year,Spring,https://bulletins.psu.edu/undergraduate/colleges/smeal-business/corporate-innovation-entrepreneurship-bs/
Corporate Innovation and Entrepreneurship B.S.,ACCTG 211,"; 1,2",4.0,1,0,1,Second Year,Fall,https://bulletins.psu.edu/undergraduate/colleges/smeal-business/corporate-innovation-entrepreneurship-bs/
Corporate Innovation and Entrepreneurship B.S.,MGMT 457W,; 1,3.0,1,0,1,Third Year,Spring,https://bulletins.psu.edu/undergraduate/colleges/smeal-business/corporate-innovation-entrepreneurship-bs/
Corporate Innovation and Entrepreneurship B.S.,CAS  138T,"CAS 100, ,",3.0,0,0,1,Second Year,Spring,https://bulletins.psu.edu/undergraduate/colleges/smeal-business/corporate-innovation-entrepreneurship-bs/
Corporate Innovation and Entrepreneurship B.S.,BLAW  341,,3.0,0,0,1,Third Year,Spring,https://bulletins.psu.edu/undergraduate/colleges/smeal-business/corporate-innovation-entrepreneurship-bs/
Corporate Innovation and Entrepreneurship B.S.,CAS  137H,", , , ,",3.0,0,0,1,,Fall,https://bulletins.psu.edu/undergraduate/colleges/smeal-business/corporate-innovation-entrepreneurship-bs/
Corporate Innovation and Entrepreneurship B.S.,ENGL 202D,; 1,3.0,1,0,1,Third Year,Fall,https://bulletins.psu.edu/undergraduate/colleges/smeal-business/corporate-innovation-entrepreneurship-bs/
Corporate Innovation and Entrepreneurship B.S.,MGMT 453,; 1,3.0,1,0,1,Third Year,Fall,https://bulletins.psu.edu/undergraduate/colleges/smeal-business/corporate-innovation-entrepreneurship-bs/
Corporate Innovation and Entrepreneurship B.S.,MGMT 425,; 1,3.0,1,0,1,Third Year,Fall,https://bulletins.psu.edu/undergraduate/colleges/smeal-business/corporate-innovation-entrepreneurship-bs/
Corporate Innovation and Entrepreneurship B.S.,MKTG 301,"; 1,2",3.0,1,0,1,Second Year,Fall,https://bulletins.psu.edu/undergraduate/colleges/smeal-business/corporate-innovation-entrepreneurship-bs/
Corporate Innovation and Entrepreneurship B.S.,MATH 140,,3.0,0,1,0,,,https://bulletins.psu.edu/undergraduate/colleges/smeal-business/corporate-innovation-entrepreneurship-bs/
Corporate Innovation and Entrepreneurship B.S.,MGMT 301,"; 1,2",3.0,1,0,1,,Spring,https://bulletins.psu.edu/undergraduate/colleges/smeal-business/corporate-innovation-entrepreneurship-bs/
Corporate Innovation and Entrepreneurship B.S.,ECON 102,; 2,3.0,1,0,1,,Fall,https://bulletins.psu.edu/undergraduate/colleges/smeal-business/corporate-innovation-entrepreneurship-bs/
Corporate Innovation and Entrepreneurship B.S.,ECON 104,,3.0,1,0,1,Second Year,Fall,https://bulletins.psu.edu/undergraduate/colleges/smeal-business/corporate-innovation-entrepreneurship-bs/
Corporate Innovation and Entrepreneurship B.S.,BLAW 341,,3.0,1,0,0,,,https://bulletins.psu.edu/undergraduate/colleges/smeal-business/corporate-innovation-entrepreneurship-bs/
Corporate Innovation and Entrepreneurship B.S.,STAT 200,,3.0,0,1,0,,,https://bulletins.psu.edu/undergraduate/colleges/smeal-business/corporate-innovation-entrepreneurship-bs/
Corporate Innovation and Entrepreneurship B.S.,MATH 110,,4.0,1,0,0,,,https://bulletins.psu.edu/undergraduate/colleges/smeal-business/corporate-innovation-entrepreneurship-bs/
Corporate Innovation and Entrepreneurship B.S.,BA  342,,3.0,0,0,1,Third Year,Fall,https://bulletins.psu.edu/undergraduate/colleges/smeal-business/corporate-innovation-entrepreneurship-bs/
Corporate Innovation and Entrepreneurship B.S.,FIN 301,"; 1,2",3.0,1,0,1,Second Year,Spring,https://bulletins.psu.edu/undergraduate/colleges/smeal-business/corporate-innovation-entrepreneurship-bs/
Corporate Innovation and Entrepreneurship B.S.,SCM 200,,4.0,1,0,0,,,https://bulletins.psu.edu/undergraduate/colleges/smeal-business/corporate-innovation-entrepreneurship-bs/
Corporate Innovation and Entrepreneurship B.S.,SCM 301,,3.0,1,0,1,Second Year,Spring,https://bulletins.psu.edu/undergraduate/colleges/smeal-business/corporate-innovation-entrepreneurship-bs/
Corporate Innovation and Entrepreneurship B.S.,MIS 250,,3.0,1,0,1,Second Year,Spring,https://bulletins.psu.edu/undergraduate/colleges/smeal-business/corporate-innovation-entrepreneurship-bs/
Corporate Innovation and Entrepreneurship B.S.,BA 411,; 5,3.0,1,0,1,Fourth Year,Fall; Spring,https://bulletins.psu.edu/undergraduate/colleges/smeal-business/corporate-innovation-entrepreneurship-bs/
Corporate Innovation and Entrepreneurship B.S.,BA 342,,3.0,1,0,0,,,https://bulletins.psu.edu/undergraduate/colleges/smeal-business/corporate-innovation-entrepreneurship-bs/
Corporate Innovation and Entrepreneurship B.S.,PSU 6,,1.0,0,0,1,,Fall,https://bulletins.psu.edu/undergraduate/colleges/smeal-business/corporate-innovation-entrepreneurship-bs/
