major,course_code,course_title,credits,Mandatory,Select,Academic_Plan,year,semester,url
Finance B.S.,FIN 405|FIN 407|FIN 410|FIN 414|FIN 415|FIN 460|RM 460|FIN 470|RM 470,,6.0,1,0,1,,,https://bulletins.psu.edu/undergraduate/colleges/smeal-business/finance-bs/
Finance B.S.,FIN 405|FIN 407|FIN 410|FIN 414|FIN 415|FIN 460|RM 460|FIN 470|RM 470,,6.0,1,0,1,,,https://bulletins.psu.edu/undergraduate/colleges/smeal-business/finance-bs/
Finance B.S.,ENGL  138T,"CAS 100, ,",3.0,0,0,1,Second Year,Spring,https://bulletins.psu.edu/undergraduate/colleges/smeal-business/finance-bs/
Finance B.S.,ENGL  137H,", , , ,",3.0,0,0,1,,Fall,https://bulletins.psu.edu/undergraduate/colleges/smeal-business/finance-bs/
Finance B.S.,BLAW  341,,3.0,0,0,1,Third Year,Spring,https://bulletins.psu.edu/undergraduate/colleges/smeal-business/finance-bs/
Finance B.S.,CAS  138T,"CAS 100, ,",3.0,0,0,1,Second Year,Spring,https://bulletins.psu.edu/undergraduate/colleges/smeal-business/finance-bs/
Finance B.S.,CAS  137H,", , , ,",3.0,0,0,1,,Fall,https://bulletins.psu.edu/undergraduate/colleges/smeal-business/finance-bs/
Finance B.S.,ENGL 202D,; 1,3.0,1,0,1,Third Year,Fall,https://bulletins.psu.edu/undergraduate/colleges/smeal-business/finance-bs/
Finance B.S.,ACCTG 211,"; 1,2",4.0,1,0,1,Second Year,Fall,https://bulletins.psu.edu/undergraduate/colleges/smeal-business/finance-bs/
Finance B.S.,STAT 200,,3.0,0,1,0,,,https://bulletins.psu.edu/undergraduate/colleges/smeal-business/finance-bs/
Finance B.S.,ECON 104,,3.0,1,0,1,Second Year,Fall,https://bulletins.psu.edu/undergraduate/colleges/smeal-business/finance-bs/
Finance B.S.,ECON 102,; 2,3.0,1,0,1,,Fall,https://bulletins.psu.edu/undergraduate/colleges/smeal-business/finance-bs/
Finance B.S.,BLAW 341,,3.0,1,0,0,,,https://bulletins.psu.edu/undergraduate/colleges/smeal-business/finance-bs/
Finance B.S.,FIN 305W,; 1,3.0,1,0,1,Third Year,Fall,https://bulletins.psu.edu/undergraduate/colleges/smeal-business/finance-bs/
Finance B.S.,MATH 110,,4.0,1,0,0,,,https://bulletins.psu.edu/undergraduate/colleges/smeal-business/finance-bs/
Finance B.S.,MATH 140,,3.0,0,1,0,,,https://bulletins.psu.edu/undergraduate/colleges/smeal-business/finance-bs/
Finance B.S.,MGMT 301,"; 1,2",3.0,1,0,1,,Spring,https://bulletins.psu.edu/undergraduate/colleges/smeal-business/finance-bs/
Finance B.S.,MKTG 301,"; 1,2",3.0,1,0,1,Second Year,Fall,https://bulletins.psu.edu/undergraduate/colleges/smeal-business/finance-bs/
Finance B.S.,FIN 406,; or  4081,3.0,1,0,1,Third Year,Spring,https://bulletins.psu.edu/undergraduate/colleges/smeal-business/finance-bs/
Finance B.S.,BA  342,,3.0,0,0,1,Third Year,Fall,https://bulletins.psu.edu/undergraduate/colleges/smeal-business/finance-bs/
Finance B.S.,FIN 408,; or  4061,3.0,1,0,1,Third Year,Fall,https://bulletins.psu.edu/undergraduate/colleges/smeal-business/finance-bs/
Finance B.S.,FIN 301,"; 1,2",3.0,1,0,1,Second Year,Spring,https://bulletins.psu.edu/undergraduate/colleges/smeal-business/finance-bs/
Finance B.S.,MIS 250,,3.0,1,0,1,Second Year,Spring,https://bulletins.psu.edu/undergraduate/colleges/smeal-business/finance-bs/
Finance B.S.,SCM 301,,3.0,1,0,1,Second Year,Spring,https://bulletins.psu.edu/undergraduate/colleges/smeal-business/finance-bs/
Finance B.S.,SCM 200,,4.0,1,0,0,,,https://bulletins.psu.edu/undergraduate/colleges/smeal-business/finance-bs/
Finance B.S.,BA 411,; 5,3.0,1,0,1,Fourth Year,Fall; Spring,https://bulletins.psu.edu/undergraduate/colleges/smeal-business/finance-bs/
Finance B.S.,BA 342,,3.0,1,0,0,,,https://bulletins.psu.edu/undergraduate/colleges/smeal-business/finance-bs/
Finance B.S.,PSU 6,,1.0,0,0,1,,Fall,https://bulletins.psu.edu/undergraduate/colleges/smeal-business/finance-bs/
