major,course_code,course_title,credits,Mandatory,Select,Academic_Plan,year,semester,url
Multidisciplinary Studies B.A.,ENGL  137H,", , , ,",3.0,0,0,1,,Fall,https://bulletins.psu.edu/undergraduate/colleges/liberal-arts/multidisciplinary-studies-ba/
Multidisciplinary Studies B.A.,ENGL  138T,"CAS 100, ,",3.0,0,0,1,,Spring,https://bulletins.psu.edu/undergraduate/colleges/liberal-arts/multidisciplinary-studies-ba/
Multidisciplinary Studies B.A.,CAS  137H,", , , ,",3.0,0,0,1,,Fall,https://bulletins.psu.edu/undergraduate/colleges/liberal-arts/multidisciplinary-studies-ba/
Multidisciplinary Studies B.A.,CAS  138T,"CAS 100, ,",3.0,0,0,1,,Spring,https://bulletins.psu.edu/undergraduate/colleges/liberal-arts/multidisciplinary-studies-ba/
Multidisciplinary Studies B.A.,ENGL 202A,",  202B,  202C,",3.0,0,0,1,Third Year,Spring,https://bulletins.psu.edu/undergraduate/colleges/liberal-arts/multidisciplinary-studies-ba/
Multidisciplinary Studies B.A.,ENGL 15,",  30H, ESL  15, ENGL  137H,",3.0,0,0,1,,Fall,https://bulletins.psu.edu/undergraduate/colleges/liberal-arts/multidisciplinary-studies-ba/
Multidisciplinary Studies B.A.,ESL  15,", , , ENGL  137H,",3.0,0,0,1,,Fall,https://bulletins.psu.edu/undergraduate/colleges/liberal-arts/multidisciplinary-studies-ba/
