major,course_code,course_title,credits,Mandatory,Select,Academic_Plan,year,semester,url
Petroleum and Natural Gas Engineering B.S.,PHIL 103|PHIL 106|PHIL 107|PHIL 233,,3.0,1,0,1,,,https://bulletins.psu.edu/undergraduate/colleges/earth-mineral-sciences/petroleum-natural-gas-engineering-bs/
Petroleum and Natural Gas Engineering B.S.,ESL 15|ENGL 15|ENGL 30H,,3.0,0,1,1,,,https://bulletins.psu.edu/undergraduate/colleges/earth-mineral-sciences/petroleum-natural-gas-engineering-bs/
Petroleum and Natural Gas Engineering B.S.,CMPSC  201,,3.0,0,0,1,Second Year,Fall,https://bulletins.psu.edu/undergraduate/colleges/earth-mineral-sciences/petroleum-natural-gas-engineering-bs/
Petroleum and Natural Gas Engineering B.S.,ENGL 202C,; ‡†,3.0,1,0,1,Third Year,Fall,https://bulletins.psu.edu/undergraduate/colleges/earth-mineral-sciences/petroleum-natural-gas-engineering-bs/
Petroleum and Natural Gas Engineering B.S.,CMPSC 201,,3.0,1,0,0,,,https://bulletins.psu.edu/undergraduate/colleges/earth-mineral-sciences/petroleum-natural-gas-engineering-bs/
Petroleum and Natural Gas Engineering B.S.,GEOSC 454,,3.0,1,0,1,Third Year,Spring,https://bulletins.psu.edu/undergraduate/colleges/earth-mineral-sciences/petroleum-natural-gas-engineering-bs/
Petroleum and Natural Gas Engineering B.S.,EMSC 100S,; ‡†1,3.0,1,0,1,,Fall,https://bulletins.psu.edu/undergraduate/colleges/earth-mineral-sciences/petroleum-natural-gas-engineering-bs/
Petroleum and Natural Gas Engineering B.S.,PHYS 212,; †,4.0,1,0,1,Second Year,Fall,https://bulletins.psu.edu/undergraduate/colleges/earth-mineral-sciences/petroleum-natural-gas-engineering-bs/
Petroleum and Natural Gas Engineering B.S.,ECON 102,; †,3.0,1,0,1,,Fall,https://bulletins.psu.edu/undergraduate/colleges/earth-mineral-sciences/petroleum-natural-gas-engineering-bs/
Petroleum and Natural Gas Engineering B.S.,EMCH 210,,5.0,1,0,1,Second Year,Fall,https://bulletins.psu.edu/undergraduate/colleges/earth-mineral-sciences/petroleum-natural-gas-engineering-bs/
Petroleum and Natural Gas Engineering B.S.,EMCH 212,,3.0,1,0,1,Second Year,Spring,https://bulletins.psu.edu/undergraduate/colleges/earth-mineral-sciences/petroleum-natural-gas-engineering-bs/
Petroleum and Natural Gas Engineering B.S.,MATH 231,,2.0,1,0,1,Second Year,Spring,https://bulletins.psu.edu/undergraduate/colleges/earth-mineral-sciences/petroleum-natural-gas-engineering-bs/
Petroleum and Natural Gas Engineering B.S.,MATH 140,; or  140G ‡†,4.0,1,0,1,,Fall,https://bulletins.psu.edu/undergraduate/colleges/earth-mineral-sciences/petroleum-natural-gas-engineering-bs/
Petroleum and Natural Gas Engineering B.S.,PNG 440W,,3.0,1,0,1,Third Year,Fall,https://bulletins.psu.edu/undergraduate/colleges/earth-mineral-sciences/petroleum-natural-gas-engineering-bs/
Petroleum and Natural Gas Engineering B.S.,CHEM 112,,3.0,1,0,1,,Spring,https://bulletins.psu.edu/undergraduate/colleges/earth-mineral-sciences/petroleum-natural-gas-engineering-bs/
Petroleum and Natural Gas Engineering B.S.,PHYS 211,; †,4.0,1,0,1,,Spring,https://bulletins.psu.edu/undergraduate/colleges/earth-mineral-sciences/petroleum-natural-gas-engineering-bs/
Petroleum and Natural Gas Engineering B.S.,CHEM 111,; †,1.0,1,0,1,,Fall,https://bulletins.psu.edu/undergraduate/colleges/earth-mineral-sciences/petroleum-natural-gas-engineering-bs/
Petroleum and Natural Gas Engineering B.S.,MATH 141,; or  141G ‡†,4.0,1,0,1,,Spring,https://bulletins.psu.edu/undergraduate/colleges/earth-mineral-sciences/petroleum-natural-gas-engineering-bs/
Petroleum and Natural Gas Engineering B.S.,MATH 220,,2.0,1,0,1,Second Year,Spring,https://bulletins.psu.edu/undergraduate/colleges/earth-mineral-sciences/petroleum-natural-gas-engineering-bs/
Petroleum and Natural Gas Engineering B.S.,CHEM 110,; †,3.0,1,0,1,,Fall,https://bulletins.psu.edu/undergraduate/colleges/earth-mineral-sciences/petroleum-natural-gas-engineering-bs/
Petroleum and Natural Gas Engineering B.S.,MATH 251,,4.0,1,0,1,Second Year,Fall,https://bulletins.psu.edu/undergraduate/colleges/earth-mineral-sciences/petroleum-natural-gas-engineering-bs/
Petroleum and Natural Gas Engineering B.S.,PNG 406,,1.0,1,0,1,Third Year,Fall,https://bulletins.psu.edu/undergraduate/colleges/earth-mineral-sciences/petroleum-natural-gas-engineering-bs/
Petroleum and Natural Gas Engineering B.S.,PNG 490,,3.0,1,0,1,Fourth Year,Spring,https://bulletins.psu.edu/undergraduate/colleges/earth-mineral-sciences/petroleum-natural-gas-engineering-bs/
Petroleum and Natural Gas Engineering B.S.,ESL  15,", ,",3.0,0,0,1,,Spring,https://bulletins.psu.edu/undergraduate/colleges/earth-mineral-sciences/petroleum-natural-gas-engineering-bs/
Petroleum and Natural Gas Engineering B.S.,EME 460,,3.0,1,0,1,Fourth Year,Fall,https://bulletins.psu.edu/undergraduate/colleges/earth-mineral-sciences/petroleum-natural-gas-engineering-bs/
Petroleum and Natural Gas Engineering B.S.,EME 303,,3.0,1,0,1,Third Year,Fall,https://bulletins.psu.edu/undergraduate/colleges/earth-mineral-sciences/petroleum-natural-gas-engineering-bs/
Petroleum and Natural Gas Engineering B.S.,EME 301,,3.0,1,0,1,Third Year,Fall,https://bulletins.psu.edu/undergraduate/colleges/earth-mineral-sciences/petroleum-natural-gas-engineering-bs/
Petroleum and Natural Gas Engineering B.S.,PNG 301,,3.0,1,0,1,Second Year,Spring,https://bulletins.psu.edu/undergraduate/colleges/earth-mineral-sciences/petroleum-natural-gas-engineering-bs/
Petroleum and Natural Gas Engineering B.S.,PNG 430,,3.0,1,0,1,Fourth Year,Fall,https://bulletins.psu.edu/undergraduate/colleges/earth-mineral-sciences/petroleum-natural-gas-engineering-bs/
Petroleum and Natural Gas Engineering B.S.,PNG 410,,3.0,1,0,1,Third Year,Spring,https://bulletins.psu.edu/undergraduate/colleges/earth-mineral-sciences/petroleum-natural-gas-engineering-bs/
Petroleum and Natural Gas Engineering B.S.,PNG 405,,3.0,1,0,1,Third Year,Fall,https://bulletins.psu.edu/undergraduate/colleges/earth-mineral-sciences/petroleum-natural-gas-engineering-bs/
Petroleum and Natural Gas Engineering B.S.,PNG 425,,3.0,1,0,1,Fourth Year,Spring,https://bulletins.psu.edu/undergraduate/colleges/earth-mineral-sciences/petroleum-natural-gas-engineering-bs/
Petroleum and Natural Gas Engineering B.S.,PNG 450,,3.0,1,0,1,Third Year,Spring,https://bulletins.psu.edu/undergraduate/colleges/earth-mineral-sciences/petroleum-natural-gas-engineering-bs/
Petroleum and Natural Gas Engineering B.S.,PNG 451,,1.0,1,0,1,Third Year,Spring,https://bulletins.psu.edu/undergraduate/colleges/earth-mineral-sciences/petroleum-natural-gas-engineering-bs/
Petroleum and Natural Gas Engineering B.S.,PNG 475,,3.0,1,0,1,Third Year,Spring,https://bulletins.psu.edu/undergraduate/colleges/earth-mineral-sciences/petroleum-natural-gas-engineering-bs/
Petroleum and Natural Gas Engineering B.S.,PNG 480,,3.0,1,0,1,Fourth Year,Fall,https://bulletins.psu.edu/undergraduate/colleges/earth-mineral-sciences/petroleum-natural-gas-engineering-bs/
Petroleum and Natural Gas Engineering B.S.,PNG 482,,1.0,1,0,1,Fourth Year,Fall,https://bulletins.psu.edu/undergraduate/colleges/earth-mineral-sciences/petroleum-natural-gas-engineering-bs/
Petroleum and Natural Gas Engineering B.S.,PNG 420,,3.0,1,0,1,Fourth Year,Fall,https://bulletins.psu.edu/undergraduate/colleges/earth-mineral-sciences/petroleum-natural-gas-engineering-bs/
Petroleum and Natural Gas Engineering B.S.,GEOSC 1,,3.0,1,0,0,,,https://bulletins.psu.edu/undergraduate/colleges/earth-mineral-sciences/petroleum-natural-gas-engineering-bs/
