major,course_code,course_title,credits,Mandatory,Select,Academic_Plan,year,semester,url
Plant Sciences B.S.,MATH 22|MATH 26|MATH 40|MATH 41|MATH 110|MATH 111|MATH 140|MATH 141|MATH 141B,,3.0,0,1,1,,,https://bulletins.psu.edu/undergraduate/colleges/agricultural-sciences/plant-sciences-bs/
Plant Sciences B.S.,AGBM 101|ECON 14|ECON 102|ECON 104,,3.0,1,0,1,,,https://bulletins.psu.edu/undergraduate/colleges/agricultural-sciences/plant-sciences-bs/
Plant Sciences B.S.,STAT 200|STAT 240|STAT 250,,3.0,0,1,1,,,https://bulletins.psu.edu/undergraduate/colleges/agricultural-sciences/plant-sciences-bs/
Plant Sciences B.S.,SOILS  412W,", , or",34,0,0,1,Fourth Year,Fall,https://bulletins.psu.edu/undergraduate/colleges/agricultural-sciences/plant-sciences-bs/
Plant Sciences B.S.,HORT  412W,", ,",34,0,0,1,Fourth Year,Fall,https://bulletins.psu.edu/undergraduate/colleges/agricultural-sciences/plant-sciences-bs/
Plant Sciences B.S.,AGECO  496,", AGECO 134, , , or",3,0,0,1,Second Year,Fall,https://bulletins.psu.edu/undergraduate/colleges/agricultural-sciences/plant-sciences-bs/
Plant Sciences B.S.,SOILS  418,", , , , , , , or",3,0,0,1,Third Year,Spring; Fall,https://bulletins.psu.edu/undergraduate/colleges/agricultural-sciences/plant-sciences-bs/
Plant Sciences B.S.,AGECO  154,", AGECO 134, , ,",3,0,0,1,Second Year,Fall,https://bulletins.psu.edu/undergraduate/colleges/agricultural-sciences/plant-sciences-bs/
Plant Sciences B.S.,SOILS 102,,1,0,0,1,,Spring,https://bulletins.psu.edu/undergraduate/colleges/agricultural-sciences/plant-sciences-bs/
Plant Sciences B.S.,MATH  140,", , MATH 40, , ,",35,0,0,1,,Fall,https://bulletins.psu.edu/undergraduate/colleges/agricultural-sciences/plant-sciences-bs/
Plant Sciences B.S.,AGECO 295,,1,0,0,1,,Spring,https://bulletins.psu.edu/undergraduate/colleges/agricultural-sciences/plant-sciences-bs/
Plant Sciences B.S.,AGECO 438,,4,0,0,1,Fourth Year,Fall,https://bulletins.psu.edu/undergraduate/colleges/agricultural-sciences/plant-sciences-bs/
Plant Sciences B.S.,AGECO 457,,3,1,0,1,Third Year,Fall,https://bulletins.psu.edu/undergraduate/colleges/agricultural-sciences/plant-sciences-bs/
Plant Sciences B.S.,AGECO 495,,3; 1,0,1,1,Fourth Year,Fall,https://bulletins.psu.edu/undergraduate/colleges/agricultural-sciences/plant-sciences-bs/
Plant Sciences B.S.,SOILS 402,,3,0,0,1,Second Year,Spring,https://bulletins.psu.edu/undergraduate/colleges/agricultural-sciences/plant-sciences-bs/
Plant Sciences B.S.,SOILS 401,,3,0,0,1,Third Year,Spring,https://bulletins.psu.edu/undergraduate/colleges/agricultural-sciences/plant-sciences-bs/
Plant Sciences B.S.,ECON  104,", , ,",3,0,0,1,Second Year,Fall,https://bulletins.psu.edu/undergraduate/colleges/agricultural-sciences/plant-sciences-bs/
Plant Sciences B.S.,ECON  102,", , ,",3,0,0,1,Second Year,Fall,https://bulletins.psu.edu/undergraduate/colleges/agricultural-sciences/plant-sciences-bs/
Plant Sciences B.S.,SOILS 101,; †,3,1,0,1,,Spring,https://bulletins.psu.edu/undergraduate/colleges/agricultural-sciences/plant-sciences-bs/
Plant Sciences B.S.,PHIL  132,", , , , or",3,0,0,1,Second Year,Spring,https://bulletins.psu.edu/undergraduate/colleges/agricultural-sciences/plant-sciences-bs/
Plant Sciences B.S.,MATH  110,", , MATH 40, , ,",35,0,0,1,,Fall,https://bulletins.psu.edu/undergraduate/colleges/agricultural-sciences/plant-sciences-bs/
Plant Sciences B.S.,PHIL  103,", , , ,",3,0,0,1,Second Year,Spring,https://bulletins.psu.edu/undergraduate/colleges/agricultural-sciences/plant-sciences-bs/
Plant Sciences B.S.,HORT  433,", , , , , , ,",3,0,0,1,Third Year,Fall; Spring,https://bulletins.psu.edu/undergraduate/colleges/agricultural-sciences/plant-sciences-bs/
Plant Sciences B.S.,HORT  101,,3,0,0,1,,Fall,https://bulletins.psu.edu/undergraduate/colleges/agricultural-sciences/plant-sciences-bs/
Plant Sciences B.S.,HORT  407,,3,0,0,1,Third Year,Fall,https://bulletins.psu.edu/undergraduate/colleges/agricultural-sciences/plant-sciences-bs/
Plant Sciences B.S.,PLANT 200,,3,1,0,1,Second Year,Fall,https://bulletins.psu.edu/undergraduate/colleges/agricultural-sciences/plant-sciences-bs/
Plant Sciences B.S.,PLANT 461,,3,1,0,1,Fourth Year,Spring,https://bulletins.psu.edu/undergraduate/colleges/agricultural-sciences/plant-sciences-bs/
Plant Sciences B.S.,ENGL 202D,,3,0,1,0,,,https://bulletins.psu.edu/undergraduate/colleges/agricultural-sciences/plant-sciences-bs/
Plant Sciences B.S.,ENGL 202C,; or  202D‡†,3,1,0,1,Second Year,Fall,https://bulletins.psu.edu/undergraduate/colleges/agricultural-sciences/plant-sciences-bs/
Plant Sciences B.S.,CHEM 110,; †,3,1,0,1,,Spring,https://bulletins.psu.edu/undergraduate/colleges/agricultural-sciences/plant-sciences-bs/
Plant Sciences B.S.,HORT 496,,3,0,1,0,,,https://bulletins.psu.edu/undergraduate/colleges/agricultural-sciences/plant-sciences-bs/
Plant Sciences B.S.,CHEM 111,; †,1,1,0,1,,Spring,https://bulletins.psu.edu/undergraduate/colleges/agricultural-sciences/plant-sciences-bs/
Plant Sciences B.S.,BIOL 110,; †,4,1,0,1,,Fall,https://bulletins.psu.edu/undergraduate/colleges/agricultural-sciences/plant-sciences-bs/
Plant Sciences B.S.,AGRO 495,,3,0,1,0,,,https://bulletins.psu.edu/undergraduate/colleges/agricultural-sciences/plant-sciences-bs/
Plant Sciences B.S.,PPEM 405,,3,0,0,1,Third Year,Fall,https://bulletins.psu.edu/undergraduate/colleges/agricultural-sciences/plant-sciences-bs/
Plant Sciences B.S.,HORT 495,,3,0,1,0,,,https://bulletins.psu.edu/undergraduate/colleges/agricultural-sciences/plant-sciences-bs/
Plant Sciences B.S.,ENT 313,,2,1,0,1,Second Year,Spring,https://bulletins.psu.edu/undergraduate/colleges/agricultural-sciences/plant-sciences-bs/
Plant Sciences B.S.,ENGL 15,",  30H,",3,0,0,1,,Fall,https://bulletins.psu.edu/undergraduate/colleges/agricultural-sciences/plant-sciences-bs/
Plant Sciences B.S.,ENT 316,,3,0,1,0,,,https://bulletins.psu.edu/undergraduate/colleges/agricultural-sciences/plant-sciences-bs/
Plant Sciences B.S.,ESL  15,", ,",3,0,0,1,,Fall,https://bulletins.psu.edu/undergraduate/colleges/agricultural-sciences/plant-sciences-bs/
Plant Sciences B.S.,ENT 314,; or  316,1,1,0,1,Second Year,Spring,https://bulletins.psu.edu/undergraduate/colleges/agricultural-sciences/plant-sciences-bs/
Plant Sciences B.S.,AG 150,,2,0,0,1,,Fall,https://bulletins.psu.edu/undergraduate/colleges/agricultural-sciences/plant-sciences-bs/
