major,course_code,course_title,credits,Mandatory,Select,Academic_Plan,year,semester,url
Veterinary and Biomedical Sciences B.S.,CHEM 202|CHEM 203|CHEM 210|CHEM 212|CHEM 213,,6.0,0,1,1,,,https://bulletins.psu.edu/undergraduate/colleges/agricultural-sciences/veterinary-biomedical-sciences-bs/
Veterinary and Biomedical Sciences B.S.,CHEM 202|CHEM 203|CHEM 210|CHEM 212|CHEM 213,,6.0,0,1,1,,,https://bulletins.psu.edu/undergraduate/colleges/agricultural-sciences/veterinary-biomedical-sciences-bs/
Veterinary and Biomedical Sciences B.S.,AGBM 101|BA 100|ECON 14|ECON 102|ECON 104,,3.0,1,0,1,,,https://bulletins.psu.edu/undergraduate/colleges/agricultural-sciences/veterinary-biomedical-sciences-bs/
Veterinary and Biomedical Sciences B.S.,BMB 211|BMB 212|BMB 221|BMB 401|BMB 402,,6.0,0,1,1,,,https://bulletins.psu.edu/undergraduate/colleges/agricultural-sciences/veterinary-biomedical-sciences-bs/
Veterinary and Biomedical Sciences B.S.,BMB 211|BMB 212|BMB 221|BMB 401|BMB 402,,6.0,0,1,1,,,https://bulletins.psu.edu/undergraduate/colleges/agricultural-sciences/veterinary-biomedical-sciences-bs/
Veterinary and Biomedical Sciences B.S.,BIOL 220W|BIOL 230W|BIOL 240W|BMB 251,,3.0,0,1,1,,,https://bulletins.psu.edu/undergraduate/colleges/agricultural-sciences/veterinary-biomedical-sciences-bs/
Veterinary and Biomedical Sciences B.S.,VBSC 421 | BIOL 421,,4,1,0,0,,,https://bulletins.psu.edu/undergraduate/colleges/agricultural-sciences/veterinary-biomedical-sciences-bs/
Veterinary and Biomedical Sciences B.S.,MICRB 201H,,3,0,1,0,,,https://bulletins.psu.edu/undergraduate/colleges/agricultural-sciences/veterinary-biomedical-sciences-bs/
Veterinary and Biomedical Sciences B.S.,ENGL 202C,4,3,0,0,1,Fourth Year,Fall,https://bulletins.psu.edu/undergraduate/colleges/agricultural-sciences/veterinary-biomedical-sciences-bs/
Veterinary and Biomedical Sciences B.S.,ANSC  423,,3,0,0,1,Fourth Year,Spring,https://bulletins.psu.edu/undergraduate/colleges/agricultural-sciences/veterinary-biomedical-sciences-bs/
Veterinary and Biomedical Sciences B.S.,MATH 141B,,3,0,1,0,,,https://bulletins.psu.edu/undergraduate/colleges/agricultural-sciences/veterinary-biomedical-sciences-bs/
Veterinary and Biomedical Sciences B.S.,MATH 140B,,3,0,1,0,,,https://bulletins.psu.edu/undergraduate/colleges/agricultural-sciences/veterinary-biomedical-sciences-bs/
Veterinary and Biomedical Sciences B.S.,MICRB 202,,2,1,0,1,Third Year,Spring,https://bulletins.psu.edu/undergraduate/colleges/agricultural-sciences/veterinary-biomedical-sciences-bs/
Veterinary and Biomedical Sciences B.S.,VBSC 403H,,3,0,1,0,,,https://bulletins.psu.edu/undergraduate/colleges/agricultural-sciences/veterinary-biomedical-sciences-bs/
Veterinary and Biomedical Sciences B.S.,BIOL 110H,,3,0,1,0,,,https://bulletins.psu.edu/undergraduate/colleges/agricultural-sciences/veterinary-biomedical-sciences-bs/
Veterinary and Biomedical Sciences B.S.,BIOL 222,; or  322,3,1,0,1,Third Year,Fall,https://bulletins.psu.edu/undergraduate/colleges/agricultural-sciences/veterinary-biomedical-sciences-bs/
Veterinary and Biomedical Sciences B.S.,CHEM 112,,3,1,0,1,,Spring,https://bulletins.psu.edu/undergraduate/colleges/agricultural-sciences/veterinary-biomedical-sciences-bs/
Veterinary and Biomedical Sciences B.S.,CHEM 111,; 2,1,1,0,1,,Fall,https://bulletins.psu.edu/undergraduate/colleges/agricultural-sciences/veterinary-biomedical-sciences-bs/
Veterinary and Biomedical Sciences B.S.,CHEM 110,; 2,3,1,0,1,,Fall,https://bulletins.psu.edu/undergraduate/colleges/agricultural-sciences/veterinary-biomedical-sciences-bs/
Veterinary and Biomedical Sciences B.S.,CAS 100A,",  100B,",3,0,0,1,Second Year,Fall,https://bulletins.psu.edu/undergraduate/colleges/agricultural-sciences/veterinary-biomedical-sciences-bs/
Veterinary and Biomedical Sciences B.S.,BMB  251,", , , or",34,0,0,1,Second Year,Spring,https://bulletins.psu.edu/undergraduate/colleges/agricultural-sciences/veterinary-biomedical-sciences-bs/
Veterinary and Biomedical Sciences B.S.,BIOL 322,,3,0,1,0,,,https://bulletins.psu.edu/undergraduate/colleges/agricultural-sciences/veterinary-biomedical-sciences-bs/
Veterinary and Biomedical Sciences B.S.,BIOL 472,,3,0,1,0,,,https://bulletins.psu.edu/undergraduate/colleges/agricultural-sciences/veterinary-biomedical-sciences-bs/
Veterinary and Biomedical Sciences B.S.,ANSC 423,,3,1,0,0,,,https://bulletins.psu.edu/undergraduate/colleges/agricultural-sciences/veterinary-biomedical-sciences-bs/
Veterinary and Biomedical Sciences B.S.,ANSC 201,,4,1,0,1,Second Year,Spring,https://bulletins.psu.edu/undergraduate/colleges/agricultural-sciences/veterinary-biomedical-sciences-bs/
Veterinary and Biomedical Sciences B.S.,STAT 200,,34,1,0,0,,,https://bulletins.psu.edu/undergraduate/colleges/agricultural-sciences/veterinary-biomedical-sciences-bs/
Veterinary and Biomedical Sciences B.S.,PHYS 250,,4,1,0,1,Second Year,Fall,https://bulletins.psu.edu/undergraduate/colleges/agricultural-sciences/veterinary-biomedical-sciences-bs/
Veterinary and Biomedical Sciences B.S.,STAT 250,; or  200,3,0,1,1,Third Year,Fall,https://bulletins.psu.edu/undergraduate/colleges/agricultural-sciences/veterinary-biomedical-sciences-bs/
Veterinary and Biomedical Sciences B.S.,VBSC 211,,3,1,0,1,Third Year,Spring,https://bulletins.psu.edu/undergraduate/colleges/agricultural-sciences/veterinary-biomedical-sciences-bs/
Veterinary and Biomedical Sciences B.S.,ANSC 301,,3,1,0,1,Third Year,Fall,https://bulletins.psu.edu/undergraduate/colleges/agricultural-sciences/veterinary-biomedical-sciences-bs/
Veterinary and Biomedical Sciences B.S.,PHYS 251,,4,1,0,1,Second Year,Spring,https://bulletins.psu.edu/undergraduate/colleges/agricultural-sciences/veterinary-biomedical-sciences-bs/
Veterinary and Biomedical Sciences B.S.,CHEM 113,,1,1,0,1,,Spring,https://bulletins.psu.edu/undergraduate/colleges/agricultural-sciences/veterinary-biomedical-sciences-bs/
Veterinary and Biomedical Sciences B.S.,VBSC 50,,13,0,0,1,,Fall,https://bulletins.psu.edu/undergraduate/colleges/agricultural-sciences/veterinary-biomedical-sciences-bs/
Veterinary and Biomedical Sciences B.S.,ENGL 15,or  30H,3,0,0,1,,Spring,https://bulletins.psu.edu/undergraduate/colleges/agricultural-sciences/veterinary-biomedical-sciences-bs/
